LOB,ZONA,COACH,LOB.1,NOMBRE CLIENTE,Dirección,CP,Provincia,Población,TOTAL 2025 ,TOTAL YTD25,TOTAL YTD26,EVOL TOTAL,AVENE 2025,AVENE YTD 25,AVENE YTD 26,EVOL AVENE ,OPORTUNIDAD AVENE,AVENE 2025.1,AVENE YTD 25.1,AVENE YTD 26.1,EVOL AVENE .1,OPORTUNIDAD SIN SOLAR,AVENE 2025.2,AVENE YTD 25.2,AVENE YTD 26.2,EVOL AVENE .2,OPORTUNIDAD SOLAR,DUCRAY 2025,DUCRAY YTD 25,DUCRAY YTD 26,EVOL DUCRAY,OPORTUNIDAD DUCRAY,ADERMA 2025,ADERMA YTD 25,ADERMA YTD 26,EVOL ADERMA,OPORTUNIDAD ADERMA,DEXERYL 2025,DEXERYL YTD 25,DEXERYL YTD 26,EVOL DEXERYL,OPORTUNIDAD DEXERYL,Día de Fecha último pedido KF/ADA
1000103,Area 1,LAURA LUQUIN FRANQUET,1000103,GIMENEZ PARCET ARTURO,CL VALENCIA 90,8015,BARCELONA,BARCELONA,1067,895,440,-0.4772117962466488,929,811,389,-0.5203452527743526,,892,811,374,-0.54,,37,0,15,0.0,1.0,116,71,39,-0.45,1.0,22,13,12,-0.07,1.0,224,224,145,-0.35,,2026-06-19
1000321,Area 1,LAURA LUQUIN FRANQUET,1000321,PEREZ RUIZ ARANZAZU,PA MARCER 1,8810,BARCELONA,SANT PERE DE RIBES,4764,2796,1811,-0.3357946554149086,3569,2107,992,-0.5291884195538681,,3154,1692,974,-0.42,,415,415,18,-0.96,,598,388,355,-0.09,,597,301,464,0.54,,128,48,78,0.64,1.0,2026-06-28
1000355,Area 1,LAURA LUQUIN FRANQUET,1000355,PRENDES ALVARGONZALEZ ISABEL,CL JOSEP COROLEU 47,8800,BARCELONA,VILANOVA I LA GELTRU,21,21,0,-1.0,-3,-3,0,-1.0,1.0,-3,-3,0,-1.0,1.0,0,0,0,0.0,1.0,24,24,0,-1.0,1.0,0,0,0,0.0,1.0,0,0,0,0.0,1.0,2025-05-22
1000377,Area 1,LAURA LUQUIN FRANQUET,1000377,SALGADO FRANQUESA MARIA,CL NOU DE LA RAMBLA 147 (FARMACIA),8004,BARCELONA,BARCELONA,1171,1171,0,-1.0,573,573,0,-1.0,,16,16,0,-1.0,1.0,557,557,0,-1.0,,589,589,0,-1.0,,9,9,0,-1.0,1.0,6,6,0,-1.0,1.0,2025-05-14
1000583,Area 1,LAURA LUQUIN FRANQUET,1000583,MONTANER FERRE JOSE,PS NARCISO BARDAJI 10,8880,BARCELONA,PARC DE CUBELLES,11380,8463,7425,-0.08983717012914094,9141,6923,5437,-0.21464682940921564,,5895,3757,3304,-0.12,,3246,3166,2133,-0.33,,1154,563,1216,1.16,,1085,977,772,-0.21,,531,442,680,0.54,,2026-07-21
1000668,Area 1,LAURA LUQUIN FRANQUET,1000668,IBAÑEZ FERNANDEZ JOSE,PS DE LA UNIO 3 (FARMACIA),8840,BARCELONA,VILADECANS,10272,5574,9740,0.7836465210766888,4829,2223,4603,1.0706252811515968,,4702,2096,4265,1.03,,127,127,338,1.67,,3228,1514,3571,1.36,,2215,1837,1566,-0.15,,975,333,796,1.39,,2026-07-29
1000711,Area 1,LAURA LUQUIN FRANQUET,1000711,PEDRAZA FERRER FERNANDO,PA SOLER I GUSTEMS (CARROS) 20,8800,BARCELONA,VILANOVA I LA GELTRU,11199,7747,8243,0.055772378194636874,8694,6267,6086,-0.02888144247646407,,5649,3300,2940,-0.11,,3045,2967,3146,0.06,,1688,968,1469,0.52,,817,512,688,0.34,,446,196,143,-0.27,,2026-06-23
1000714,Area 1,LAURA LUQUIN FRANQUET,1000714,LAGUNA TISAIRE DAVID,AV PENEDES 22,8800,BARCELONA,VILANOVA I LA GELTRU,7942,4550,3742,-0.07742893508697501,7171,4226,2981,-0.2946048272598202,,3958,2760,1746,-0.37,,3213,1466,1235,-0.16,,757,310,733,1.37,,14,14,28,0.94,1.0,304,164,607,2.7,,2026-07-08
1000731,Area 1,LAURA LUQUIN FRANQUET,1000731,SAFONT ALBERT SARA,"RD UNIVERSIDAD, 1  LOCAL 5",43882,TARRAGONA,SEGUR DE CALAFELL,11652,6931,9846,0.4313139931740615,8998,5170,7130,0.379110251450677,,5952,3608,4006,0.11,,3046,1562,3124,1.0,,1711,960,1726,0.8,,943,801,990,0.24,,101,101,219,1.16,,2026-06-29
1000930,Area 1,LAURA LUQUIN FRANQUET,1000930,FARMACIA DE L'ILLA CB,CL SANT PERE 46 (FARMACIA),8850,BARCELONA,GAVA,8010,5640,6569,0.13449059052563261,6924,4755,5569,0.17118822292323865,,5319,3192,3095,-0.03,,1605,1563,2474,0.58,,956,798,938,0.18,,130,87,62,-0.29,1.0,545,524,424,-0.19,,2026-07-23
1001436,Area 1,LAURA LUQUIN FRANQUET,1001436,PHARMACALAFELL S.L.,CR DE BARCELONA 95,43881,TARRAGONA,SEGUR DE CALAFELL,666,292,598,1.047945205479452,666,292,598,1.047945205479452,,666,292,680,1.33,,0,0,-82,0.0,1.0,0,0,0,0.0,1.0,0,0,0,0.0,1.0,0,0,0,0.0,1.0,2026-01-13
1001983,Area 1,LAURA LUQUIN FRANQUET,1001983,ROVIRA RIBAS JAUME,CL PRAT DE LA RIBA 8,43700,TARRAGONA,"VENDRELL, EL",1630,908,1014,0.11498973305954818,937,544,543,-0.0018382352941176405,,911,528,535,0.01,,26,16,8,-0.47,1.0,638,338,415,0.23,,55,26,56,1.2,1.0,86,66,72,0.09,1.0,2026-06-30
1002022,Area 1,LAURA LUQUIN FRANQUET,1002022,CARLAN 2000 S.L.,"CR CASTELLDEFELS KM 16,530",8850,BARCELONA,GAVA,16795,10839,10684,0.010571015540296269,10775,7308,7747,0.06007115489874115,,7961,4509,4316,-0.04,,2814,2799,3431,0.23,,4383,2329,1844,-0.21,,1637,1202,1093,-0.09,,521,229,501,1.19,,2026-07-06
1002353,Area 1,LAURA LUQUIN FRANQUET,1002353,CLOS GATNAU MARTA,CL DIPUTACIO 106(FARMACIA),8015,BARCELONA,BARCELONA,693,693,2469,2.5627705627705626,0,0,616,,,0,0,168,0.0,,0,0,448,0.0,,0,0,864,0.0,,693,693,989,0.43,,0,0,0,0.0,1.0,2026-07-09
1002364,Area 1,LAURA LUQUIN FRANQUET,1002364,BENAVENT VALLES JOSEP,CL FRANCESC MACIA 18,8800,BARCELONA,VILANOVA I LA GELTRU,5897,4681,3676,-0.2122552116234997,4889,4152,2973,-0.28395953757225434,,2826,2089,554,-0.73,,2063,2063,2419,0.17,,863,440,641,0.46,,145,89,62,-0.3,1.0,142,68,65,-0.05,1.0,2026-07-08
1002495,Area 1,LAURA LUQUIN FRANQUET,1002495,BOSCH GRANE MARTA,CL FREDERIC SOLER 76,8820,BARCELONA,EL PRAT DE LLOBREGAT,29537,22806,23737,0.0355812459858702,20168,16738,18734,0.11924961166208625,,9360,6062,6455,0.06,,10808,10676,12279,0.15,,5652,2907,2875,-0.01,,3717,3161,2128,-0.33,,762,549,449,-0.18,,2026-11-04
1002496,Area 1,LAURA LUQUIN FRANQUET,1002496,COLOMER MENDEZ NEUS,CL GRAN VIA 424,8015,BARCELONA,BARCELONA,3469,2627,3455,0.38391502276176026,2996,2273,2888,0.27056753189617244,,1968,1245,1639,0.32,,1028,1028,1249,0.22,,455,354,494,0.39,,18,0,73,0.0,1.0,21,9,193,20.66,,2026-07-18
1002592,Area 1,LAURA LUQUIN FRANQUET,1002592,ALSINA ARMENGOL CONXITA,CL ST.FRUCTUOS 29 (FARMACIA),8004,BARCELONA,BARCELONA,5270,4984,2589,-0.46252178965717605,3997,3771,1435,-0.6194643330681517,,2648,2471,671,-0.73,,1349,1300,764,-0.41,,755,755,570,-0.25,,518,458,584,0.28,,179,179,186,0.04,,2026-06-15
1002668,Area 1,LAURA LUQUIN FRANQUET,1002668,SANMORA 2013 S.L.,CL SANT JOAN 43 B,8850,BARCELONA,GAVA,3748,2299,1939,-0.15658982166159197,3685,2236,1906,-0.14758497316636854,,2825,1479,1339,-0.09,,860,757,567,-0.25,,63,63,33,-0.48,1.0,0,0,0,0.0,1.0,0,0,0,0.0,1.0,2026-06-04
1003065,Area 1,LAURA LUQUIN FRANQUET,1003065,DE LAMA SALVADOR BEGOÑA,CL CALABRIA 25,8015,BARCELONA,BARCELONA,13667,7262,4287,-0.42265372168284787,11480,6042,3109,-0.4854352863290301,,6208,3098,2748,-0.11,,5272,2944,361,-0.88,,1348,691,634,-0.08,,839,529,544,0.03,,576,463,173,-0.63,,2026-07-07
1003070,Area 1,LAURA LUQUIN FRANQUET,1003070,GUILAMANY BARRERAS MARGARITA,CL SAN ISIDRO 33,43883,TARRAGONA,RODA DE BARA,10168,5636,6705,0.14930733709594657,7423,4504,5013,0.11301065719360559,,4878,1980,2148,0.09,,2545,2524,2865,0.14,,1829,717,867,0.21,,916,415,825,0.99,,211,211,15,-0.93,,2026-06-30
1003339,Area 1,LAURA LUQUIN FRANQUET,1003339,ARANZANA MARTINEZ FRANCISCA,CL LLEIDA 55,8004,BARCELONA,BARCELONA,2729,1381,2656,0.9442433019551051,2289,1054,1858,0.76280834914611,,1866,649,990,0.52,,423,405,868,1.14,,397,284,357,0.26,,43,43,441,9.22,,0,0,29,0.0,1.0,2026-07-08
1003437,Area 1,LAURA LUQUIN FRANQUET,1003437,VILA BADIA FRANCESC,CL AV DEL MOLI 37,8840,BARCELONA,VILADECANS,8664,4755,5281,0.13160049119934514,5454,3391,3244,-0.04335004423473898,,3652,1688,1255,-0.26,,1802,1703,1989,0.17,,1836,617,1096,0.78,,1374,747,941,0.26,,364,131,248,0.9,,2026-06-26
1003496,Area 1,LAURA LUQUIN FRANQUET,1003496,PUJOL CID JOSE MARIA,AV S. JUAN DE DIOS 79  PLAYA,43820,TARRAGONA,CALAFELL,22336,12068,8456,-0.30218752541270233,19969,10876,6699,-0.3840566384700257,,9400,5334,3166,-0.41,,10569,5542,3533,-0.36,,1769,650,716,0.1,,598,542,1041,0.92,,564,229,125,-0.45,,2026-07-20
1003704,Area 1,LAURA LUQUIN FRANQUET,1003704,SYLESCO FARMA S.L.,CL BEGUES 6,8850,BARCELONA,GAVA,2159,1503,1302,-0.2208258527827648,201,79,54,-0.31645569620253167,1.0,201,79,54,-0.32,1.0,0,0,0,0.0,1.0,1234,937,1163,0.24,,724,487,85,-0.83,,179,168,0,-1.0,,2026-05-20
1003816,Area 1,LAURA LUQUIN FRANQUET,1003816,IGNACI JANE DE ROSALES,"CL ELKANO, 70",8004,BARCELONA,BARCELONA,21,0,0,,0,0,0,0.0,1.0,0,0,0,0.0,1.0,0,0,0,0.0,1.0,21,0,0,0.0,1.0,0,0,0,0.0,1.0,0,0,11,0.0,1.0,2026-02-24
1004213,Area 1,LAURA LUQUIN FRANQUET,1004213,RIVERO MORENO BEATRIZ,CL AV DIAGONAL 7,8850,BARCELONA,GAVA,994,537,628,0.3296089385474861,487,282,583,1.0673758865248226,,487,282,583,1.07,,0,0,0,0.0,1.0,455,229,0,-1.0,,52,26,45,0.73,1.0,0,0,86,0.0,1.0,2026-06-26
1004298,Area 1,LAURA LUQUIN FRANQUET,1004298,GRACIA FRANCO MARIONA,AV BARCELONA 207,43881,TARRAGONA,CUNIT,2557,2557,0,-1.0,2170,2170,0,-1.0,,429,429,0,-1.0,,1741,1741,0,-1.0,,358,358,0,-1.0,,29,29,0,-1.0,1.0,109,109,0,-1.0,1.0,2025-06-10
1004328,Area 1,LAURA LUQUIN FRANQUET,1004328,CARRASCO TORRENTS AMERICA,AV SOFIA 14,8870,BARCELONA,SITGES,405,164,209,-0.12552301255230125,219,71,108,0.5211267605633803,1.0,157,27,86,2.23,1.0,62,44,22,-0.5,1.0,186,93,90,-0.03,1.0,0,0,11,0.0,1.0,108,75,0,-1.0,1.0,2026-06-27
1004430,Area 1,LAURA LUQUIN FRANQUET,1004430,TORRENS CORTES INMACULADA,CL VILADOMAT 40,8015,BARCELONA,BARCELONA,4627,3638,1312,-0.6292164674634795,3535,2944,1065,-0.6382472826086957,,2552,1961,1049,-0.46,,983,983,16,-0.98,,1020,622,235,-0.62,,72,72,12,-0.84,1.0,127,127,84,-0.34,1.0,2026-07-24
1004538,Area 1,LAURA LUQUIN FRANQUET,1004538,ENRICH ESTEVE ANNA,RB J VAYRDA 24 (FARMACIA),8850,BARCELONA,GAVA,63,-142,-63,-0.556338028169014,63,-24,-63,1.625,1.0,63,-24,-63,1.59,1.0,0,0,0,-1.0,1.0,0,-70,0,-1.0,1.0,0,-48,0,-1.0,1.0,0,0,0,0.0,1.0,2025-09-25
1004551,Area 1,LAURA LUQUIN FRANQUET,1004551,BENIMELI FERRANDO CARLOS,CL GIRONA 74 (FARMACIA),8820,BARCELONA,EL PRAT DE LLOBREGAT,304,1190,1203,0.046915167095115784,0,243,37,-0.8477366255144033,,0,243,37,-0.85,,0,0,0,0.0,1.0,244,673,686,0.02,,60,274,480,0.75,,0,366,426,0.16,,2026-07-21
1004567,Area 1,LAURA LUQUIN FRANQUET,1004567,TARRAGO LLOBET BERTA,CL ENTENÇA 129 (FARMACIA),8015,BARCELONA,BARCELONA,2382,0,3140,,1673,0,2263,,,1341,0,1245,0.0,,332,0,1018,0.0,,698,0,138,0.0,1.0,11,0,739,0.0,,16,0,46,0.0,1.0,2026-07-24
1004846,Area 1,LAURA LUQUIN FRANQUET,1004846,GRANDA PALMERO ANDREA,CL TARRAGONA 53,8800,BARCELONA,VILANOVA I LA GELTRU,652,430,1109,0.9058441558441559,356,284,447,0.573943661971831,,231,159,378,1.37,,125,125,69,-0.45,1.0,267,131,568,3.33,,29,15,94,5.35,1.0,186,186,65,-0.65,,2026-07-13
1004877,Area 1,LAURA LUQUIN FRANQUET,1004877,BONET SERRANO JAUME,AV PALFURIANA 68 (SAN SALVADOR,43880,TARRAGONA,COMARRUGA,16286,8988,6135,-0.3033088235294118,15836,8796,5961,-0.32230559345156895,,5577,3530,4623,0.31,,10259,5266,1338,-0.75,,350,100,18,-0.82,1.0,100,92,156,0.71,,269,260,308,0.18,,2026-06-25
1004901,Area 1,LAURA LUQUIN FRANQUET,1004901,RIVERA ARNANDIS XAVIER,CL CALABRIA 61(FARMACIA),8015,BARCELONA,BARCELONA,12254,6998,9312,0.32527932960893846,7369,3819,5779,0.513223356899712,,4508,2448,2865,0.17,,2861,1371,2914,1.12,,1625,1107,1242,0.12,,3260,2072,2291,0.11,,441,162,177,0.09,,2026-07-06
1005365,Area 1,LAURA LUQUIN FRANQUET,1005365,FARMACIA MOLA GELADA CB,CL RIU LLOBREGAT 68,8820,BARCELONA,EL PRAT DE LLOBREGAT,1340,904,906,-0.11578947368421055,0,0,0,0.0,1.0,0,0,0,0.0,1.0,0,0,0,0.0,1.0,1198,904,655,-0.28,,142,0,251,0.0,,467,331,186,-0.44,,2026-04-16
1005582,Area 1,LAURA LUQUIN FRANQUET,1005582,SANTOS MARCOS CRISTINA,AV ROMA 18,8015,BARCELONA,BARCELONA,4566,2005,2355,0.13395225464190985,1937,678,447,-0.3407079646017699,,1937,678,591,-0.13,,0,0,-144,0.0,1.0,1896,860,1217,0.42,,733,467,691,0.48,,497,257,210,-0.18,,2026-12-04
1005587,Area 1,LAURA LUQUIN FRANQUET,1005587,ESCUDE PONT MARC,CL FILADORS 8,43830,TARRAGONA,TORREDEMBARRA,2082,1912,1535,-0.1344142259414226,1128,974,968,-0.006160164271047264,,356,184,359,0.96,,772,790,609,-0.23,,825,552,263,-0.52,,129,386,304,-0.21,,0,0,120,0.0,1.0,2026-05-18
1005731,Area 1,LAURA LUQUIN FRANQUET,1005731,FARMACIA ROCA VERS CB,PA SANTA MADRONA 8,8004,BARCELONA,BARCELONA,4998,4226,1358,-0.6708485401459854,2798,2607,289,-0.8891446106635981,,641,450,47,-0.89,,2157,2157,242,-0.89,,963,870,486,-0.44,,1237,749,583,-0.22,,170,158,85,-0.46,,2026-07-10
1005762,Area 1,LAURA LUQUIN FRANQUET,1005762,ALBALA HURTADO SOLEDAD,CL RAMON OTERO PEDRAYO 32,8860,BARCELONA,CASTELLDEFELS,15404,10282,8876,-0.14020124580737903,8836,5355,6442,0.20298786181139117,,6398,3340,2455,-0.27,,2438,2015,3987,0.98,,4845,3654,1188,-0.67,,1723,1273,1246,-0.02,,279,153,96,-0.38,,2026-08-04
1005912,Area 1,LAURA LUQUIN FRANQUET,1005912,PARAF ALTAFULLA PUIG DOMINGO SL,CL ESCOLES 3 (FARMACIA),43893,TARRAGONA,ALTAFULLA,6950,4678,2965,-0.3615203929105274,3183,2242,987,-0.5597680642283676,,2649,1724,963,-0.44,,534,518,24,-0.95,,2007,1571,1328,-0.15,,1760,865,650,-0.25,,28,5,25,3.69,1.0,2026-07-09
1006037,Area 1,LAURA LUQUIN FRANQUET,1006037,MARTINEZ CATALA NEUS,CL ROGER DE FLOR 100,8810,BARCELONA,SANT PERE DE RIBES,5744,1627,9939,3.7323612417685794,3861,489,6936,13.184049079754601,,3207,489,2589,4.29,,654,0,4347,0.0,,1385,768,1756,1.29,,498,370,1247,2.37,,649,499,122,-0.75,,2026-07-22
1006120,Area 1,LAURA LUQUIN FRANQUET,1006120,FARMACIA MEDRANO MAURI CB,CL SANT PERE 44,43820,TARRAGONA,CALAFELL,15573,11023,11449,0.05160014383315348,12842,9557,9612,0.005754944020089914,,6499,3264,4153,0.27,,6343,6293,5459,-0.13,,1969,992,1140,0.15,,762,474,697,0.47,,213,101,249,1.47,,2026-10-04
1006142,Area 1,LAURA LUQUIN FRANQUET,1006142,HERRERO CERDA JOSE,CL COMTE DE BORRELL 68,8015,BARCELONA,BARCELONA,0,0,0,,0,0,0,0.0,1.0,0,0,0,0.0,1.0,0,0,0,0.0,1.0,0,0,0,0.0,1.0,0,0,0,0.0,1.0,0,0,0,0.0,1.0,2023-02-08
1006146,Area 1,LAURA LUQUIN FRANQUET,1006146,VILAPLANA I BATALLA MONTSE,CL ROCAFORT 49-51 (FARMACIA),8015,BARCELONA,BARCELONA,7388,4248,2320,-0.3407439076528431,6442,3669,2275,-0.3799400381575361,,1848,1479,922,-0.38,,4594,2190,1353,-0.38,,931,564,31,-0.94,,15,15,14,-0.07,1.0,460,430,764,0.78,,2026-07-10
1006572,Area 1,LAURA LUQUIN FRANQUET,1006572,FARMACIA PLATJA CUBELLES CB,CL MALLORCA 14 (FARMACIA),8880,BARCELONA,CUBELLES,553,352,950,1.5396825396825395,195,100,414,3.1399999999999997,,195,100,395,2.94,,0,0,19,0.0,1.0,306,241,419,0.74,,52,11,117,9.67,1.0,36,26,10,-0.61,1.0,2026-06-25
1006845,Area 1,LAURA LUQUIN FRANQUET,1006845,DALMASES C.B.,CL ARAGON 97  (FARMACIA),8015,BARCELONA,BARCELONA,1537,676,984,0.4508426966292134,973,324,747,1.3055555555555554,,956,307,200,-0.35,,17,17,547,31.88,,405,212,164,-0.23,,159,140,73,-0.48,1.0,45,36,49,0.35,1.0,2026-06-27
1007006,Area 1,LAURA LUQUIN FRANQUET,1007006,COGUL ARDEVOL BLANCA,CL ANTONIO ROIG 14 (FARMACIA),43830,TARRAGONA,TORREDEMBARRA,3481,2030,5572,1.6043808672329014,677,213,2697,11.661971830985916,,677,213,235,0.11,,0,0,2462,0.0,,1369,930,1800,0.94,,1435,887,1075,0.21,,299,207,254,0.22,,2026-04-27
1007141,Area 1,LAURA LUQUIN FRANQUET,1007141,JORBA CREMADES ANNA,CL OLERDOLA 39,8800,BARCELONA,VILANOVA I LA GELTRU,7834,5881,4995,-0.16541353383458646,6063,4411,3699,-0.1614146452051689,,4604,2952,1979,-0.33,,1459,1459,1720,0.18,,671,653,664,0.02,,1100,817,632,-0.23,,193,104,0,-1.0,1.0,2026-07-13
1007166,Area 1,LAURA LUQUIN FRANQUET,1007166,GODIA TRESANCHEZ ROSA Mª,CL LLANÇA 11,8015,BARCELONA,BARCELONA,2064,928,5214,4.739224137931035,1668,879,4337,3.9340159271899884,,925,136,1620,10.92,,743,743,2717,2.66,,357,49,354,6.21,,39,0,523,0.0,,24,0,112,0.0,1.0,2026-06-08
1007287,Area 1,LAURA LUQUIN FRANQUET,1007287,GARCIA BERGA ESTHER,CL ARAGO 1 (FARMACIA),8015,BARCELONA,BARCELONA,11566,7449,7998,0.034150725381948854,8342,5407,5417,0.0018494544109488587,,6493,3558,3037,-0.15,,1849,1849,2380,0.29,,2744,1748,1726,-0.01,,480,294,855,1.91,,484,340,57,-0.83,,2026-07-23
1007291,Area 1,LAURA LUQUIN FRANQUET,1007291,SABATE HERRERO JOAQUIM,"PA DELS VENTS, 9",43893,TARRAGONA,ALTAFULLA,11553,6712,3890,-0.42447726275771314,9634,5248,2348,-0.5525914634146342,,1951,1209,1333,0.1,,7683,4039,1015,-0.75,,1153,1002,1255,0.25,,766,462,287,-0.38,,299,127,46,-0.64,1.0,2026-06-23
1007485,Area 1,LAURA LUQUIN FRANQUET,1007485,VIVES SANCHEZ ADELA,RD SAN PABLO 3,8015,BARCELONA,BARCELONA,538,421,2503,5.026128266033254,373,319,2394,6.504702194357367,,373,319,1509,3.73,,0,0,885,0.0,,146,83,87,0.04,1.0,19,19,22,0.14,1.0,46,0,34,0.0,1.0,2026-06-29
1007991,Area 1,LAURA LUQUIN FRANQUET,1007991,DE DOU REALES BIBIANA,AV PARAL.LEL 124 BIS,8015,BARCELONA,BARCELONA,4253,1514,7906,3.845518867924528,2805,1002,6040,5.027944111776447,,2409,606,5617,8.27,,396,396,423,0.07,,1047,249,615,1.47,,401,263,1251,3.76,,285,182,312,0.72,,2026-07-21
1008746,Area 1,LAURA LUQUIN FRANQUET,1008746,FARMACIA ZONA FRANCA C.B.,PS ZONA FRANCA 162,8038,BARCELONA,BARCELONA,8434,4674,5509,0.2566299469604243,4347,2170,3301,0.5211981566820276,,4180,2049,2981,0.46,,167,121,320,1.64,,2468,1406,1101,-0.22,,1619,1098,1107,0.01,,342,228,651,1.86,,2026-07-22
1008773,Area 1,LAURA LUQUIN FRANQUET,1008773,VIVES FERRER EULALIA,CL MANSO 64,8015,BARCELONA,BARCELONA,14197,10792,13266,0.2505419075144508,11203,8724,10774,0.23498395231545155,,7080,4635,5574,0.2,,4123,4089,5200,0.27,,1486,746,1253,0.68,,1508,1322,1239,-0.06,,498,280,580,1.07,,2026-06-30
1008840,Area 1,LAURA LUQUIN FRANQUET,1008840,PARAFARMACIA CREIXELL SL,AV DR PUJOL 2,43839,TARRAGONA,CREIXELL,9498,7266,8479,0.18247184913851577,7887,5957,6339,0.06412623803928152,,3776,1846,2366,0.28,,4111,4111,3973,-0.03,,1025,882,1288,0.46,,586,427,852,0.99,,282,105,237,1.26,,2026-07-14
1008857,Area 1,LAURA LUQUIN FRANQUET,1008857,CACERES DELGADO SHIRLEY,AV GRAN VIA CORTS CATALANES 470 (FCIA),8015,BARCELONA,BARCELONA,5962,3863,6175,0.619218910585817,4945,3247,4822,0.4850631352017247,,3209,1602,2729,0.7,,1736,1645,2093,0.27,,805,444,1104,1.49,,212,172,249,0.44,,214,29,127,3.33,1.0,2026-07-29
1009253,Area 1,LAURA LUQUIN FRANQUET,1009253,GUILLEMI BASTE MERÇE,CL VILADOMAT 60,8015,BARCELONA,BARCELONA,5815,4434,1829,-0.5023584905660378,4840,3620,1318,-0.6359116022099447,,2561,1380,1002,-0.27,,2279,2240,316,-0.86,,932,791,473,-0.4,,43,23,38,0.66,1.0,328,230,492,1.14,,2026-09-04
1009259,Area 1,LAURA LUQUIN FRANQUET,1009259,TOBELLA NIETO NURIA,PA TRILLAS SN (FARMACIA),43880,TARRAGONA,COMARRUGA,9390,8459,11206,0.3410958904109589,8454,7872,10127,0.28645833333333326,,3382,1937,2408,0.24,,5072,5935,7719,0.3,,644,295,499,0.69,,292,292,580,0.99,,394,301,542,0.8,,2026-06-16
1009433,Area 1,LAURA LUQUIN FRANQUET,1009433,GARRIDO ZAFRA MONTSERRAT,CL DR. AUGET 82 BAIXOS 4,8840,BARCELONA,VILADECANS,9867,6751,5919,-0.1251227381119372,5893,3550,3968,0.11774647887323941,,3914,2239,1906,-0.15,,1979,1311,2062,0.57,,2766,2117,1493,-0.29,,1208,1084,458,-0.58,,525,378,318,-0.16,,2026-07-29
1009456,Area 1,LAURA LUQUIN FRANQUET,1009456,BORRAS URTUBIA TERESA,C SANT EUDALD 83,8859,BARCELONA,BEGUES,33,18,62,2.4444444444444446,33,18,62,2.4444444444444446,1.0,15,0,62,0.0,1.0,18,18,0,-1.0,1.0,0,0,0,0.0,1.0,0,0,0,0.0,1.0,0,0,0,0.0,1.0,2026-06-16
1009474,Area 1,LAURA LUQUIN FRANQUET,1009474,LANTIGUA RODRIGUEZ Mª ANGELES,CL MINERIA 70,8038,BARCELONA,BARCELONA,3324,2337,4568,1.0021394950791613,3277,2290,3505,0.5305676855895196,,2943,1956,1544,-0.21,,334,334,1961,4.88,,47,47,0,-1.0,1.0,0,0,1063,0.0,,47,0,111,0.0,1.0,2026-07-22
1009836,Area 1,LAURA LUQUIN FRANQUET,1009836,FARMACIA PARRA CB,"CL SANT XAVIER, 23",43700,TARRAGONA,"VENDRELL, EL",8579,4927,4521,-0.09677419354838712,6760,3802,3650,-0.03997895844292476,,4874,2415,1689,-0.3,,1886,1387,1961,0.41,,1078,488,535,0.1,,741,637,336,-0.47,,375,343,239,-0.3,,2026-07-29
1010034,Area 1,LAURA LUQUIN FRANQUET,1010034,MALLASEN ZINSSER ISABEL,CL NARCISO MONTURIOL 3,8860,BARCELONA,CASTELLDEFELS,10028,7596,5192,-0.30486862442040186,6290,4636,2874,-0.38006902502157036,,3667,2168,1092,-0.5,,2623,2468,1782,-0.28,,2212,1601,1715,0.07,,1526,1359,603,-0.56,,344,168,205,0.22,,2026-07-01
1010036,Area 1,LAURA LUQUIN FRANQUET,1010036,PARAFARMACIA YTARTE S.L.,AV PINEDA 20,8860,BARCELONA,CASTELLDEFELS,2361,1742,3751,1.206405693950178,0,0,1364,,,0,0,1364,0.0,,0,0,0,0.0,1.0,2330,1711,2299,0.34,,31,31,88,1.81,1.0,1372,787,1829,1.32,,2026-07-24
1010272,Area 1,LAURA LUQUIN FRANQUET,1010272,GARCIA-VELA I GRAU FRANCISCO,CL GAUDI 4,8850,BARCELONA,GAVA,13,0,0,,0,0,0,0.0,1.0,0,0,0,0.0,1.0,0,0,0,0.0,1.0,13,0,0,0.0,1.0,0,0,0,0.0,1.0,0,0,0,0.0,1.0,2025-11-17
1010613,Area 1,LAURA LUQUIN FRANQUET,1010613,BERGA MARTI CARLOS,CL JAUME ABRIL 23,8840,BARCELONA,VILADECANS,0,0,0,,0,0,0,0.0,1.0,0,0,0,0.0,1.0,0,0,0,0.0,1.0,0,0,0,0.0,1.0,0,0,0,0.0,1.0,0,0,0,0.0,1.0,2025-06-23
1010768,Area 1,LAURA LUQUIN FRANQUET,1010768,INVERPHARMA 2014 SL,RB CATALUNYA 61 PRAL 1,8007,BARCELONA,BARCELONA,0,0,0,,0,0,0,0.0,1.0,0,0,0,0.0,1.0,0,0,0,0.0,1.0,0,0,0,0.0,1.0,0,0,0,0.0,1.0,0,0,0,0.0,1.0,2023-02-15
1010822,Area 1,LAURA LUQUIN FRANQUET,1010822,URIARTE CULLERE MIGUEL,CL DOCTOR REIG 67,8840,BARCELONA,VILADECANS,2542,2000,0,-1.0,1483,1098,0,-1.0,,772,387,0,-1.0,,711,711,0,-1.0,,693,536,0,-1.0,,366,366,0,-1.0,,418,311,0,-1.0,,2025-09-29
1011365,Area 1,LAURA LUQUIN FRANQUET,1011365,BUENO ANDREU VICENTE,CTRA VALLS 57,43700,TARRAGONA,"VENDRELL, EL",4908,3587,3840,-0.006134969325153339,3817,2921,3075,0.05272167066073252,,1807,944,728,-0.23,,2010,1977,2347,0.19,,855,501,722,0.44,,236,165,43,-0.74,,500,325,48,-0.85,,2026-07-09
1011585,Area 1,LAURA LUQUIN FRANQUET,1011585,TORREGUITART-GUERRERO PALLI CB,CL AEROP-TERMINAL T1PLANTA,8820,BARCELONA,"PRAT DE LLOBREGAT, EL",16566,13113,15214,0.1561820499362676,16464,13047,14471,0.10914386448992097,,6635,3294,3735,0.13,,9829,9753,10736,0.1,,95,59,371,5.28,,7,7,372,54.63,,318,224,206,-0.08,,2026-07-21
1011796,Area 1,LAURA LUQUIN FRANQUET,1011796,TUDELA BELDA ALBERTO,CL CAPUTXINS 48,8800,BARCELONA,VILANOVA I LA GELTRU,3714,2984,1392,-0.544949329846355,2288,1953,1370,-0.29851510496671785,,1112,741,292,-0.61,,1176,1212,1078,-0.11,,1028,679,22,-0.97,,398,352,0,-1.0,,112,75,0,-1.0,1.0,2026-06-30
1012053,Area 1,LAURA LUQUIN FRANQUET,1012053,MIRET SOLE CARME,CR SANT PERE DE RIBES 42,8870,BARCELONA,SITGES,600,409,248,-0.3142250530785563,176,110,165,0.5,,161,95,140,0.47,1.0,15,15,25,0.64,1.0,284,184,53,-0.71,,140,115,30,-0.74,1.0,72,62,75,0.22,1.0,2026-06-16
1012239,Area 1,LAURA LUQUIN FRANQUET,1012239,MONGAPI S.L.,PS MARITIMO 249-251,8860,BARCELONA,CASTELLDEFELS,2500,1491,1026,-0.32023195876288657,1918,1249,666,-0.466773418734988,,1883,1214,666,-0.45,,35,35,0,-1.0,1.0,465,190,283,0.49,,117,52,77,0.48,1.0,113,61,29,-0.53,1.0,2026-06-29
1012312,Area 1,LAURA LUQUIN FRANQUET,1012312,RUBIO MORENO GREGORIA,"LUGAR URB ROC DE SAN CAYETANO_x000D_
AV DEL MAR 17 (FARMACIA)",43883,TARRAGONA,RODA DE BERA,1480,1427,1498,0.050707547169811296,425,452,281,-0.37831858407079644,,443,452,281,-0.38,,-18,0,0,0.0,1.0,647,623,154,-0.75,,408,352,1063,2.02,,269,269,284,0.06,,2026-04-13
1012327,Area 1,LAURA LUQUIN FRANQUET,1012327,BUIL ALCARAZ ALFREDO,CL VILAMARI 106 (FCIA),8015,BARCELONA,BARCELONA,239,205,243,0.18536585365853653,188,174,168,-0.03448275862068961,,188,174,168,-0.03,,0,0,0,0.0,1.0,51,31,75,1.42,1.0,0,0,0,0.0,1.0,0,0,0,0.0,1.0,2026-03-04
1012689,Area 1,LAURA LUQUIN FRANQUET,1012689,BUSQUETS CASSO ANNA,CL LLUIS COMPANYS 72,8810,BARCELONA,SANT PERE DE RIBES,1543,706,763,0.05096418732782371,1080,454,727,0.6013215859030836,,1063,454,727,0.6,,17,0,0,0.0,1.0,342,181,36,-0.8,,121,71,0,-1.0,1.0,61,20,0,-1.0,1.0,2026-06-16
1012832,Area 1,LAURA LUQUIN FRANQUET,1012832,AAGAARD GARCIA ELISA,PS VILANOVA 72,8870,BARCELONA,SITGES,5754,4161,2477,-0.3107426099495314,5298,3705,2103,-0.43238866396761133,,3178,1585,442,-0.72,,2120,2120,1661,-0.22,,340,340,374,0.1,,116,116,0,-1.0,1.0,112,0,391,0.0,,2026-05-05
1013319,Area 1,LAURA LUQUIN FRANQUET,1013319,FARMATEROS SL,C MAS DURAN 48,8042,BARCELONA,BARCELONA,21884,12426,15124,0.21278817575708886,14790,8614,11300,0.3118179707452984,,10457,5573,6959,0.25,,4333,3041,4341,0.43,,5452,2946,2442,-0.17,,1642,866,1382,0.6,,182,23,-26,-2.14,1.0,2026-07-21
1013558,Area 1,LAURA LUQUIN FRANQUET,1013558,FRANCO PAMIES M TERESA,CL JESUS 48 (FARMACIA),43820,TARRAGONA,CALAFELL,10107,7402,7355,0.004186837629203133,7749,5653,5521,-0.023350433398195647,,5175,3119,2411,-0.23,,2574,2534,3110,0.23,,1607,1225,977,-0.2,,751,524,857,0.64,,474,241,320,0.33,,2026-06-30
1013617,Area 1,LAURA LUQUIN FRANQUET,1013617,URIZ FINA MERCEDES,AV MIRAMAR 7,8840,BARCELONA,VILADECANS,8978,7096,6432,-0.10016602102933037,5652,4280,4418,0.03224299065420566,,2655,1283,1102,-0.14,,2997,2997,3316,0.11,,2703,2218,1272,-0.43,,623,598,742,0.24,,230,132,72,-0.46,1.0,2026-07-10
1013945,Area 1,LAURA LUQUIN FRANQUET,1013945,PLANAS NOGUE GERAR,CL ARTUR CARBONELL 30,8870,BARCELONA,SITGES,21644,18906,20076,0.04803064023601267,18902,16817,18084,0.07534042932746621,,7383,5312,4961,-0.07,,11519,11505,13123,0.14,,1418,1010,1485,0.47,,1324,1079,507,-0.53,,477,415,173,-0.58,,2026-06-30
1014137,Area 1,LAURA LUQUIN FRANQUET,1014137,ROSELL OLLE MAR,CL ISABEL VILELLA 9,43719,TARRAGONA,BELLVEI,420,355,2669,6.455307262569832,209,209,2173,9.397129186602871,,209,209,1265,5.07,,0,0,908,0.0,,211,146,496,2.39,,0,0,0,0.0,1.0,3,3,0,-1.0,1.0,2026-06-09
1014609,Area 1,LAURA LUQUIN FRANQUET,1014609,SCHILT CATAFAL PAU,CL ROSER 39 (FCIA),8004,BARCELONA,BARCELONA,9917,6708,2258,-0.6683740670276599,7693,5275,793,-0.8496682464454977,,5588,3183,765,-0.76,,2105,2092,28,-0.99,,1889,1129,1107,-0.02,,335,304,358,0.18,,224,125,8,-0.94,1.0,2026-06-12
1014630,Area 1,LAURA LUQUIN FRANQUET,1014630,JUSTE DIEZ DE PINOS JOSE LUIS,CL FLORS 74,43700,TARRAGONA,"VENDRELL, EL",5288,3066,3888,0.3522690173032974,4986,2858,2714,-0.05038488453463963,,3453,1325,1123,-0.15,,1533,1533,1591,0.04,,208,114,940,7.23,,94,94,234,1.5,,48,-3,254,-77.14,,2026-06-23
1014718,Area 1,LAURA LUQUIN FRANQUET,1014718,MORANCHO ECHEVERRIA OLGA,CL FREDERIC SOLER 34 (FCIA),8820,BARCELONA,"PRAT DE LLOBREGAT, EL",4100,2092,1988,-0.06341911764705888,2627,1385,1033,-0.2541516245487364,,1936,674,1033,0.53,,691,711,0,-1.0,,1375,647,555,-0.14,,98,60,400,5.62,,154,84,50,-0.41,1.0,2026-07-09
1014911,Area 1,LAURA LUQUIN FRANQUET,1014911,NAZTILIA S L,AV BARCELONA 71-73,43881,TARRAGONA,CUNIT,16620,13480,10843,-0.1895335444860351,12800,10833,9356,-0.1363426566971292,,6347,4553,3699,-0.19,,6453,6280,5657,-0.1,,2838,1839,930,-0.49,,982,808,557,-0.31,,535,412,416,0.01,,2026-07-28
1014950,Area 1,LAURA LUQUIN FRANQUET,1014950,CASULLERAS ROMEU NURIA,CL DEL RIN 17-19,43882,TARRAGONA,SEGUR DE CALAFELL,9243,5801,5554,-0.0600407055630936,7328,4874,4277,-0.12248666393106278,,4068,1735,1091,-0.37,,3260,3139,3186,0.01,,1160,509,916,0.8,,755,418,361,-0.14,,251,95,-12,-1.13,1.0,2026-07-06
1015257,Area 1,LAURA LUQUIN FRANQUET,1015257,SALAGRE MIRO VENECIA,AV CUBELLES 41,8800,BARCELONA,VILANOVA I LA GELTRU,6920,4600,4705,0.014751714107625213,4875,3506,3047,-0.13091842555618938,,2213,844,1128,0.34,,2662,2662,1919,-0.28,,1880,923,1230,0.33,,165,171,428,1.5,,548,213,179,-0.16,,2026-07-28
1015356,Area 1,LAURA LUQUIN FRANQUET,1015356,FELIU RUIZ LIDIA,RBLA DE LA PAU 89 (FCIA),8800,BARCELONA,VILANOVA I LA GELTRU,11422,9959,6307,-0.3533451049637042,8792,7503,4795,-0.3609222977475677,,5366,4211,2578,-0.39,,3426,3292,2217,-0.33,,1837,1694,858,-0.49,,793,762,654,-0.14,,302,235,285,0.21,,2026-07-27
1015647,Area 1,LAURA LUQUIN FRANQUET,1015647,ROCABEYERA RUIZ MARGARITA,CL JOSEP IRLA 5,8840,BARCELONA,VILADECANS,9965,5005,6615,0.35124685868934846,6295,2969,3618,0.2185921185584372,,4857,1985,1690,-0.15,,1438,984,1928,0.96,,2464,1440,1978,0.37,,1206,596,1019,0.71,,327,168,375,1.23,,2026-07-14
1015764,Area 1,LAURA LUQUIN FRANQUET,1015764,CORREDERA SABARICH BEATRIU,AV SANT JORDI 19-21,43830,TARRAGONA,TORREDEMBARRA,5790,4780,5430,0.1312717591644481,3902,3160,3662,0.15886075949367084,,2630,1905,1652,-0.13,,1272,1255,2010,0.6,,1237,1068,1029,-0.04,,651,552,739,0.34,,143,103,94,-0.08,1.0,2026-07-20
1015871,Area 1,LAURA LUQUIN FRANQUET,1015871,"DE LEON GONZALEZ, ANA MARIA",CL LLANÇA 35,8015,BARCELONA,BARCELONA,1271,168,1007,5.791666666666667,584,134,625,3.664179104477612,,584,134,625,3.65,,0,0,0,0.0,1.0,587,34,338,9.07,,100,0,44,0.0,1.0,173,0,134,0.0,1.0,2026-07-09
1016028,Area 1,LAURA LUQUIN FRANQUET,1016028,MORERA LLOVERA MONTSERRAT,CL MIQUEL SERVET 86,8812,BARCELONA,"ROQUETES, LES",3514,2104,2251,0.0612431444241317,2630,1396,1459,0.045128939828080306,,1922,688,566,-0.18,,708,708,893,0.26,,689,584,314,-0.46,,195,124,478,2.85,,84,84,71,-0.16,1.0,2026-07-21
1016280,Area 1,LAURA LUQUIN FRANQUET,1016280,ENRICH ESTEVE ANA,CL FERRAN 7,8002,BARCELONA,BARCELONA,7701,5693,4772,-0.14485902414317064,5061,3868,3642,-0.05842812823164423,,3934,3018,2211,-0.27,,1127,850,1431,0.68,,1348,864,645,-0.25,,1292,961,485,-0.5,,308,230,293,0.27,,2026-06-01
1016294,Area 1,LAURA LUQUIN FRANQUET,1016294,GARCIA LOPEZ BERTOMEU,C ARCADI BALAGUER 17,8860,BARCELONA,CASTELLDEFELS,27018,17473,18509,0.06683615819209043,18087,12451,12658,0.016625170669022582,,10842,6107,5859,-0.04,,7245,6344,6799,0.07,,5229,2333,2517,0.08,,3702,2689,3334,0.24,,450,227,374,0.64,,2026-07-18
1016689,Area 1,LAURA LUQUIN FRANQUET,1016689,DOMINGUEZ CEDAZO MARIA,RB LLUIS COMPANYS 8,8800,BARCELONA,VILANOVA I LA GELTRU,6168,4048,2234,-0.48310092176790354,5490,3649,1559,-0.5727596601808715,,2765,1367,444,-0.68,,2725,2282,1115,-0.51,,636,357,585,0.64,,42,42,90,1.16,1.0,183,183,-47,-1.26,,2026-06-04
1016753,Area 1,LAURA LUQUIN FRANQUET,1016753,BALTASAR BORREL MARIA ANTONIETA,CL GUIFRE EL PELOS 36,8840,BARCELONA,VILADECANS,318,0,575,,232,0,512,,,232,0,494,0.0,,0,0,18,0.0,1.0,86,0,63,0.0,1.0,0,0,0,0.0,1.0,24,0,12,0.0,1.0,2026-07-01
1016754,Area 1,LAURA LUQUIN FRANQUET,1016754,MASGU PHARMA S.L.,CL JOSEP COROLEU 74,8800,BARCELONA,VILANOVA I LA GELTRU,0,0,0,,0,0,0,0.0,1.0,0,0,0,0.0,1.0,0,0,0,0.0,1.0,0,0,0,0.0,1.0,0,0,0,0.0,1.0,0,0,0,0.0,1.0,2021-06-17
1016864,Area 1,LAURA LUQUIN FRANQUET,1016864,LLEVAT FELIUS NOELIA,CL TORRE D'ENVEJA 43 (FCIA),8800,BARCELONA,VILANOVA I LA GELTRU,14324,11119,10315,-0.06770516056043863,9838,8040,7178,-0.10721393034825866,,7894,6082,3671,-0.4,,1944,1958,3507,0.79,,2807,1709,2089,0.22,,1679,1370,1048,-0.24,,605,372,398,0.07,,2026-06-24
1016960,Area 1,LAURA LUQUIN FRANQUET,1016960,FARMACIA CATALAN CB,CL ESTANY DE LA MURTRA 1,8820,BARCELONA,"PRAT DE LLOBREGAT, EL",2901,2449,843,-0.6240875912408759,1161,1113,69,-0.9380053908355795,,469,421,69,-0.84,,692,692,0,-1.0,,898,612,523,-0.15,,842,724,251,-0.65,,440,291,187,-0.36,,2026-09-04
1017457,Area 1,LAURA LUQUIN FRANQUET,1017457,XUCLA GODIA MARIANO,CL MAYOR 100,8750,BARCELONA,MOLINS DE REI,0,0,0,,0,0,0,0.0,1.0,0,0,0,0.0,1.0,0,0,0,0.0,1.0,0,0,0,0.0,1.0,0,0,0,0.0,1.0,0,0,0,0.0,1.0,2023-11-06
1017618,Area 1,LAURA LUQUIN FRANQUET,1017618,BRESCO MANCHO JOSE MANUEL,CL DOCTOR REIG 24,8840,BARCELONA,VILADECANS,3798,2452,2271,-0.10930861336423325,1436,1177,527,-0.5522514868309261,,1099,840,527,-0.37,,337,337,0,-1.0,,1859,902,1252,0.39,,503,373,492,0.32,,164,137,35,-0.75,1.0,2026-07-13
1017671,Area 1,LAURA LUQUIN FRANQUET,1017671,BADIA DEL ROMERO MARIA ESTELLA,AV FRANCESC MACIA 17(FARMACIA),8840,BARCELONA,VILADECANS,6531,5001,3415,-0.32934014139827184,318,279,0,-1.0,,318,279,0,-1.0,,0,0,0,0.0,1.0,3480,2263,2205,-0.03,,2733,2459,1210,-0.51,,188,91,0,-1.0,1.0,2026-07-28
1017932,Area 1,LAURA LUQUIN FRANQUET,1017932,FARMACIA GIRALT CB,RB PRINCIPAL 11 (FARMACIA),8800,BARCELONA,VILANOVA I LA GELTRU,10171,5802,4023,-0.37081639036596814,8523,4510,2869,-0.36385809312638584,,4833,2898,2046,-0.29,,3690,1612,823,-0.49,,1420,1111,988,-0.11,,228,181,166,-0.09,,839,592,0,-1.0,,2026-06-26
1017996,Area 1,LAURA LUQUIN FRANQUET,1017996,ARRIBAS ADRIAN JORGE,AV SEGLE XXI 6 (FCIA),8840,BARCELONA,VILADECANS,4365,3159,2284,-0.329313809933965,937,586,1057,0.8037542662116042,,937,586,605,0.03,,0,0,452,0.0,,2158,1522,823,-0.46,,1270,1051,404,-0.62,,456,324,52,-0.84,,2026-07-03
1018053,Area 1,LAURA LUQUIN FRANQUET,1018053,MILLAN CONTRERAS MARTHA ISABEL,AV VERGE DE MONTSERRAT 4,43830,TARRAGONA,TORREDEMBARRA,5902,3815,4514,0.21261261261261266,3480,1765,2619,0.48385269121813024,,2023,874,1031,0.18,,1457,891,1588,0.78,,1342,1123,642,-0.43,,1080,927,1253,0.35,,82,70,197,1.8,,2026-07-03
1018086,Area 1,LAURA LUQUIN FRANQUET,1018086,FARMA COMPRA ONLINE S.L.,CL RAMBLA VAYREDA 24 1 A,8850,BARCELONA,GAVA,18764,17599,7642,-0.5503253182461103,18045,16889,5232,-0.6902125643910237,,3979,2823,1925,-0.32,,14066,14066,3307,-0.76,,360,303,1497,3.94,,359,407,913,1.24,,169,76,306,3.02,,2026-07-07
1018090,Area 1,LAURA LUQUIN FRANQUET,1018090,FARMACIA SALA GARCIA C.B.,CL SAN MARIANO 99,8840,BARCELONA,VILADECANS,2515,1548,2956,0.7226107226107226,1422,908,1949,1.14647577092511,,1105,591,1027,0.74,,317,317,922,1.91,,795,443,612,0.38,,298,197,395,1.0,,357,168,0,-1.0,,2026-06-29
1018125,Area 1,LAURA LUQUIN FRANQUET,1018125,MIRIAM ALMOR ANDREU,"RD SANT PAU, 51",8015,BARCELONA,BARCELONA,2341,1516,1669,0.08449883449883444,1579,862,584,-0.3225058004640371,,1579,862,584,-0.32,,0,0,0,0.0,1.0,559,509,642,0.26,,203,145,443,2.06,,200,200,192,-0.04,,2026-06-26
1018145,Area 1,LAURA LUQUIN FRANQUET,1018145,FONT SOLER PILAR,CL SANT FRANÇESC 40,8870,BARCELONA,SITGES,41577,26599,18411,-0.3105900655628403,39560,25367,16251,-0.35936452871841373,,17521,11643,12317,0.06,,22039,13724,3934,-0.71,,1314,766,1196,0.56,,703,466,964,1.07,,623,398,201,-0.5,,2026-07-27
1018688,Area 1,LAURA LUQUIN FRANQUET,1018688,PUIGDEVALL VALERO MIGUEL ANGEL,"AV JOAN CARLES I, 56",8850,BARCELONA,GAVA,326,146,99,-0.4381443298969072,152,49,41,-0.16326530612244894,1.0,152,49,41,-0.16,1.0,0,0,0,0.0,1.0,174,97,58,-0.4,1.0,0,0,0,0.0,1.0,58,48,10,-0.79,1.0,2026-06-19
2000166,Area 1,LAURA LUQUIN FRANQUET,2000166,SUBURFARMA SL,AV CAMI DELS CAPELLANS 23 (FARMACIA),8870,BARCELONA,SITGES,8384,5318,8966,0.6724875267284391,7182,4234,7016,0.6570618800188948,,2410,1006,2089,1.08,,4772,3228,4927,0.53,,671,594,1125,0.89,,531,490,825,0.68,,336,294,420,0.42,,2026-07-27
2000351,Area 1,LAURA LUQUIN FRANQUET,2000351,GALIOT MONTENEGRO ANA,CL ESGLESIA 57,8860,BARCELONA,CASTELLDEFELS,0,0,0,,0,0,0,0.0,1.0,0,0,0,0.0,1.0,0,0,0,0.0,1.0,0,0,0,0.0,1.0,0,0,0,0.0,1.0,0,0,0,0.0,1.0,2024-05-08
2000802,Area 1,LAURA LUQUIN FRANQUET,2000802,CABANE LEON MARIA (PARAF.BCN),AV VIRGEN DE MONTASERRAT 88 L3,8820,BARCELONA,"PRAT DE LLOBREGAT, EL",0,0,0,,0,0,0,0.0,1.0,0,0,0,0.0,1.0,0,0,0,0.0,1.0,0,0,0,0.0,1.0,0,0,0,0.0,1.0,0,0,0,0.0,1.0,2021-03-11
7000612,Area 1,LAURA LUQUIN FRANQUET,7000612,TORRENTS BERGE SANTIAGO,CL MARE DE DEU DEL PORT 255,8038,BARCELONA,BARCELONA,854,539,248,-0.5258620689655172,273,161,68,-0.577639751552795,,258,146,50,-0.66,1.0,15,15,18,0.21,1.0,465,279,103,-0.63,,116,99,77,-0.23,1.0,70,41,27,-0.33,1.0,2026-06-30
7000630,Area 1,LAURA LUQUIN FRANQUET,7000630,FARMAGRANVIA216 SL,AV GRAN VIA 216,8004,BARCELONA,BARCELONA,44791,25711,26459,0.023938487178515988,23661,15412,17348,0.12561640280301067,,16389,8140,8678,0.07,,7272,7272,8670,0.19,,14341,5886,6204,0.05,,6789,4413,2907,-0.34,,1057,690,574,-0.17,,2026-07-07
7000663,Area 1,LAURA LUQUIN FRANQUET,7000663,JANES CASALS MARIA,PG MARITIMO SANT JOAN DE DEU 238,43882,TARRAGONA,SEGUR DE CALAFELL,14351,8437,8940,0.06477018925590694,11547,6716,6773,0.00848719475878501,,5885,3389,4039,0.19,,5662,3327,2734,-0.18,,1872,1101,1104,0.0,,932,620,1063,0.71,,276,70,118,0.68,1.0,2026-07-29
7000759,Area 1,LAURA LUQUIN FRANQUET,7000759,BOMARI SL,PZA DEL NOU 3,8038,BARCELONA,BARCELONA,22109,17735,29165,0.6444882999718071,21101,16844,27097,0.6087033958679648,,10390,6133,5535,-0.1,,10711,10711,21562,1.01,,798,705,704,0.0,,210,186,1364,6.35,,0,0,0,0.0,1.0,2026-07-22
7000777,Area 1,LAURA LUQUIN FRANQUET,7000777,MARTINEZ NAVAS MARTA,CL PUIG I CADAFALCH 3,43881,TARRAGONA,CUNIT,1844,686,1132,0.6647398843930636,1808,679,1131,0.6656848306332843,,332,27,48,0.77,1.0,1476,652,1083,0.66,,22,22,1,-0.97,1.0,14,-15,0,-1.0,1.0,19,6,20,2.33,1.0,2026-07-23
7000916,Area 1,LAURA LUQUIN FRANQUET,7000916,RIO MARTINEZ HELENA,AV GRAN VIA CORTS CATALANES 130(FARMACIA),8038,BARCELONA,BARCELONA,7674,4331,5228,0.20121539500337615,5926,3367,4095,0.21621621621621623,,4385,2326,1837,-0.21,,1541,1041,2258,1.17,,1314,688,753,0.09,,434,276,380,0.38,,225,112,109,-0.03,1.0,2026-07-18
7001043,Area 1,LAURA LUQUIN FRANQUET,7001043,FARMACIA GORDO CB,AV DEL MAR 2 (FCIA),8860,BARCELONA,CASTELLDEFELS,0,0,237,,0,0,149,,1.0,0,0,149,0.0,1.0,0,0,0,0.0,1.0,0,0,88,0.0,1.0,0,0,0,0.0,1.0,0,0,49,0.0,1.0,2026-03-09
7001418,Area 1,LAURA LUQUIN FRANQUET,7001418,BERGA CULLERE CAROLINA,CT SANT CLIMENT 58,8840,BARCELONA,VILADECANS,14272,8032,7027,-0.10048309178743964,11935,6682,4766,-0.28674049685722836,,7170,4021,3446,-0.14,,4765,2661,1320,-0.5,,1932,1081,1113,0.03,,405,269,1148,3.27,,568,248,421,0.7,,2026-07-28
7001430,Area 1,LAURA LUQUIN FRANQUET,7001430,MILLAN HOMEDES ELISEO JOSE,C PORT ALEGRE 57 (FARMACIA),8870,BARCELONA,SITGES,15386,13964,17214,0.22366027703931723,13904,12547,15640,0.24651311070375392,,7239,5674,5544,-0.02,,6665,6873,10096,0.47,,905,905,798,-0.12,,577,512,776,0.52,,571,330,277,-0.16,,2026-07-23
7001597,Area 1,LAURA LUQUIN FRANQUET,7001597,PRATFARMA SL,C JAUME CASANOVAS 9,8820,BARCELONA,EL PRAT DE LLOBREGAT,3102,1996,5576,1.9542516161113874,2284,1328,4605,2.4676204819277108,,1543,587,2328,2.96,,741,741,2277,2.07,,125,56,837,13.86,,693,612,134,-0.78,,36,15,365,23.97,,2026-06-30
7001624,Area 1,LAURA LUQUIN FRANQUET,7001624,TORRENTS BERGE JAVIER,CL ENERGIA 9,8038,BARCELONA,BARCELONA,425,293,240,-0.2028985507246377,182,151,110,-0.2715231788079471,,167,136,74,-0.46,1.0,15,15,36,1.42,1.0,145,93,70,-0.25,1.0,98,49,60,0.23,1.0,58,52,35,-0.32,1.0,2026-06-27
7001644,Area 1,LAURA LUQUIN FRANQUET,7001644,MONTENEGRO GUIJALBA OMAR,CL ILDEFONS CERDA 54 (FCIA),8810,BARCELONA,SANT PERE DE RIBES,11428,8207,7229,-0.139663489822332,9169,7113,6126,-0.13876001687051875,,5796,3679,2953,-0.2,,3373,3434,3173,-0.08,,1503,700,574,-0.18,,756,394,529,0.34,,335,292,83,-0.72,,2026-07-15
7001671,Area 1,LAURA LUQUIN FRANQUET,7001671,FARMACIA MARQUINA PASCUAL CB,C CONSELL DE CENT 98,8015,BARCELONA,BARCELONA,5849,3938,6361,0.6334077934971456,4193,3134,4524,0.44352265475430763,,3356,2133,2607,0.22,,837,1001,1917,0.91,,1424,641,1426,1.22,,232,163,411,1.52,,358,91,220,1.41,,2026-06-28
7001713,Area 1,LAURA LUQUIN FRANQUET,7001713,ALOMAR BRUTAU ESTHER,PS VILANOVA 15,8880,BARCELONA,CUBELLES,10831,7728,8535,0.11981680901101632,7310,5644,6424,0.13819985825655556,,4020,2354,2739,0.16,,3290,3290,3685,0.12,,3196,1759,1828,0.04,,325,325,283,-0.13,,625,351,512,0.46,,2026-07-28
7001754,Area 1,LAURA LUQUIN FRANQUET,7001754,TEAM PHARMA SL,C ROSELLO 427 6 2,8025,BARCELONA,BARCELONA,8809,4799,7184,0.5097487814023247,3490,1813,4011,1.2123552123552122,,3490,1813,2949,0.63,,0,0,1062,0.0,,4018,2239,2416,0.08,,1301,747,757,0.01,,1009,535,869,0.62,,2026-07-27
7001946,Area 1,LAURA LUQUIN FRANQUET,7001946,LLADOS TIRADO JUAN RAMON,AV DE  LA CONSTITUCIO 378,8860,BARCELONA,CASTELLDEFELS,0,0,0,,0,0,0,0.0,1.0,0,0,0,0.0,1.0,0,0,0,0.0,1.0,0,0,0,0.0,1.0,0,0,0,0.0,1.0,0,0,0,0.0,1.0,2022-11-16
7002263,Area 1,LAURA LUQUIN FRANQUET,7002263,GORDILLO ABALOS M JESUS,CL COROLEU 79 (FARMACIA),8800,BARCELONA,VILANOVA I LA GELTRU,11200,8236,8023,-0.03670376509590334,8505,6538,5878,-0.10094830223309881,,4400,2404,2168,-0.1,,4105,4134,3710,-0.1,,1674,959,1314,0.37,,1021,739,831,0.12,,304,210,113,-0.46,,2026-06-24
7002270,Area 1,LAURA LUQUIN FRANQUET,7002270,RUBIO PETIT NURIA,AV JAUME BALMES 26 (FARMACIA),8800,BARCELONA,VILANOVA I LA GELTRU,3653,2590,2575,-0.049288061336254074,2790,2059,2182,0.05973773676542016,,1397,691,453,-0.34,,1393,1368,1729,0.26,,462,273,303,0.11,,401,258,90,-0.65,,212,149,29,-0.81,1.0,2026-07-22
7002311,Area 1,LAURA LUQUIN FRANQUET,7002311,ARGELAGA VALLS ANNA,C ARCADI BALAGUER 64,8860,BARCELONA,CASTELLDEFELS,1564,1229,0,-1.0,565,509,0,-1.0,,565,509,0,-1.0,,0,0,0,0.0,1.0,776,606,0,-1.0,,223,114,0,-1.0,1.0,573,513,0,-1.0,,2025-12-17
7002579,Area 1,LAURA LUQUIN FRANQUET,7002579,ALMUDENA MARTINEZ GARCIA,C PARLAMENT 17,8015,BARCELONA,BARCELONA,5892,3869,959,-0.77906186267845,4472,2688,628,-0.7663690476190477,,4472,2688,628,-0.77,,0,0,0,0.0,1.0,963,800,91,-0.89,,457,381,240,-0.37,,634,544,16,-0.97,,2026-06-29
7002635,Area 1,LAURA LUQUIN FRANQUET,7002635,MONTAÑANA PALOMO CB,AV CONSTITUCION 390,8860,BARCELONA,CASTELLDEFELS,897,800,1053,0.2956204379562044,761,725,174,-0.76,,59,23,178,6.68,,702,702,-4,-1.01,,100,54,879,15.14,,36,21,0,-1.0,1.0,22,22,12,-0.45,1.0,2026-06-18
7002685,Area 1,LAURA LUQUIN FRANQUET,7002685,MARCO GRAZIADEI,CL LLIBERTAT 93 101,8800,BARCELONA,VILANOVA I LA GELTRU,850,369,634,0.6389496717724288,285,150,189,0.26,,285,150,23,-0.85,,0,0,166,0.0,,565,219,445,1.03,,0,0,0,0.0,1.0,120,88,115,0.3,1.0,2026-06-08
7002689,Area 1,LAURA LUQUIN FRANQUET,7002689,MONTES CORRALES MANUEL,AV DEL MILENARI 6 (FCIA),8840,BARCELONA,VILADECANS,6253,4340,4588,0.07057024251693256,2768,1942,1982,0.020597322348094638,,2061,1249,752,-0.4,,707,693,1230,0.78,,2054,1139,1895,0.66,,1431,1259,711,-0.44,,354,237,312,0.32,,2026-07-21
7002713,Area 1,LAURA LUQUIN FRANQUET,7002713,ESPINA MATEOS CARLOS,RBLA POMPEU FABRA 180,8850,BARCELONA,GAVA,2396,1366,742,-0.4304635761589404,1707,810,506,-0.37530864197530867,,1250,353,452,0.28,,457,457,54,-0.88,,566,487,175,-0.64,,123,69,61,-0.12,1.0,183,144,118,-0.18,1.0,2026-06-01
7002867,Area 1,LAURA LUQUIN FRANQUET,7002867,TEIXEIRA RODRIGUES MARISOL,PA CATALUNYA 22,8820,BARCELONA,EL PRAT DE LLOBREGAT,11915,9810,8006,-0.20573421154591243,9011,7451,5899,-0.20829418869950345,,5927,4422,1918,-0.57,,3084,3029,3981,0.31,,1975,1584,1110,-0.3,,929,775,997,0.29,,1177,514,194,-0.62,,2026-06-25
7002906,Area 1,LAURA LUQUIN FRANQUET,7002906,VALLS RELATS GEMMA,CTRA DEL PRAT 30 BIS LOC 5,8038,BARCELONA,BARCELONA,1669,1455,512,-0.6527293844367015,1159,1159,179,-0.8455565142364108,,1143,1143,179,-0.84,,16,16,0,-1.0,1.0,433,241,306,0.27,,77,55,27,-0.51,1.0,334,267,86,-0.68,,2026-07-22
7002918,Area 1,LAURA LUQUIN FRANQUET,7002918,LOPEZ RODRIGUEZ JOSE LUIS,RBLA POMPEU FABRA 142 (FARMACIA),8850,BARCELONA,GAVA,27602,22029,14834,-0.33711676451402484,18967,16074,10230,-0.3635684957073535,,12490,9597,5403,-0.44,,6477,6477,4827,-0.25,,5926,4425,2702,-0.39,,2709,1530,1902,0.24,,2263,966,409,-0.58,,2026-07-30
7002945,Area 1,LAURA LUQUIN FRANQUET,7002945,PUGES CRISOL M CARMEN,PASSEIG JOAN MARAGALL 23,8850,BARCELONA,GAVA,0,0,0,,0,0,0,0.0,1.0,0,0,0,0.0,1.0,0,0,0,0.0,1.0,0,0,0,0.0,1.0,0,0,0,0.0,1.0,0,0,0,0.0,1.0,2023-12-18
7002970,Area 1,LAURA LUQUIN FRANQUET,7002970,MARTINEZ CORBACHO PABLO,CL VIRIATO 2,8860,BARCELONA,CASTELLDEFELS,0,0,0,,0,0,0,0.0,1.0,0,0,0,0.0,1.0,0,0,0,0.0,1.0,0,0,0,0.0,1.0,0,0,0,0.0,1.0,0,0,0,0.0,1.0,2024-04-25
7003118,Area 1,LAURA LUQUIN FRANQUET,7003118,FARMACIA CENTRAL PRAT CB,AV VERGE DE MONTSERRAT 135,8820,BARCELONA,EL PRAT DE LLOBREGAT,5424,3726,3111,-0.06227106227106227,757,364,184,-0.4945054945054945,,743,364,170,-0.53,,14,0,14,0.0,1.0,1633,1296,1467,0.13,,3034,2066,1460,-0.29,,612,369,729,0.97,,2026-07-29
7003135,Area 1,LAURA LUQUIN FRANQUET,7003135,HERRERO ESCOLA SARA,CL COMTE BORRELL 68 (FARMACIA),8015,BARCELONA,BARCELONA,173,0,494,,173,0,53,,1.0,173,0,53,0.0,1.0,0,0,0,0.0,1.0,0,0,441,0.0,,0,0,0,0.0,1.0,234,0,19,0.0,1.0,2026-06-16
7003159,Area 1,LAURA LUQUIN FRANQUET,7003159,MANOUCHEHRI SHAGHAYEGH,CL PARELLADES 88 (FARMACIA),8870,BARCELONA,SITGES,7225,4169,7362,0.6987251174233953,4439,2613,4663,0.7845388442403367,,3702,1876,2085,0.11,,737,737,2578,2.5,,1640,763,1592,1.09,,1146,793,1107,0.4,,802,302,233,-0.23,,2026-07-20
7003445,Area 1,LAURA LUQUIN FRANQUET,7003445,BARENYS DE LACHA CARMEN,PS ZONA FRANCA 122 (FARMACIA),8038,BARCELONA,BARCELONA,10735,6253,5694,-0.06959314775160597,7591,4793,3750,-0.21760901314416858,,5948,3358,2184,-0.35,,1643,1435,1566,0.09,,2620,1077,1193,0.11,,524,383,751,0.96,,481,285,389,0.37,,2026-06-17
7003495,Area 1,LAURA LUQUIN FRANQUET,7003495,GUERRERO DUEÑAS JOSE ANTONIO,CL CENTRE 15 (FARMACIA),8820,BARCELONA,EL PRAT DE LLOBREGAT,542,0,2508,,163,0,1549,,,163,0,364,0.0,,0,0,1185,0.0,,379,0,631,0.0,,0,0,328,0.0,,290,0,0,0.0,1.0,2026-07-27
7003526,Area 1,LAURA LUQUIN FRANQUET,7003526,NICOLAS SOLER CRISTINA,CL PRAT DE LA RIBA 66 (FARMACIA),8840,BARCELONA,VILADECANS,446,375,132,-0.5968992248062015,130,130,74,-0.4307692307692308,1.0,113,113,74,-0.34,1.0,17,17,0,-1.0,1.0,270,214,58,-0.73,,46,31,0,-1.0,1.0,24,12,24,1.06,1.0,2026-06-30
7003551,Area 1,LAURA LUQUIN FRANQUET,7003551,MILAN MARGAÑON JOSE ORIOL,MILA I FONTANALS 12 (FARMACIA),8012,BARCELONA,BARCELONA,0,0,0,,0,0,0,0.0,1.0,0,0,0,0.0,1.0,0,0,0,0.0,1.0,0,0,0,0.0,1.0,0,0,0,0.0,1.0,0,0,0,0.0,1.0,2024-07-25
7003708,Area 1,LAURA LUQUIN FRANQUET,7003708,MASAGUE SANZ M CARMEN,CTRA DE LAS COSTAS 20 (FARMACIA),8870,BARCELONA,SITGES,2415,1836,1425,-0.2221024258760108,1198,804,573,-0.2873134328358209,,1198,804,573,-0.29,,0,0,0,0.0,1.0,902,717,744,0.04,,315,315,108,-0.66,,30,19,18,-0.08,1.0,2026-07-23
7003724,Area 1,LAURA LUQUIN FRANQUET,7003724,FONTESTAD CRESPO JOSE VICENTE,CL SANT JORDI 1 (FARMACIA),43700,TARRAGONA,"VENDRELL, EL",0,0,27,,0,0,27,,1.0,0,0,0,0.0,1.0,0,0,27,0.0,1.0,0,0,0,0.0,1.0,0,0,0,0.0,1.0,0,0,0,0.0,1.0,2026-05-12
7003828,Area 1,LAURA LUQUIN FRANQUET,7003828,FRANCES FERRANDO CB,AV MISTRAL 66 (FARMACIA),8015,BARCELONA,BARCELONA,370,225,353,0.4734848484848484,171,90,181,1.011111111111111,,171,90,181,1.02,,0,0,0,0.0,1.0,181,117,132,0.13,1.0,18,18,40,1.26,1.0,39,39,36,-0.05,1.0,2026-05-13
7003845,Area 1,LAURA LUQUIN FRANQUET,7003845,SERRABOU CLEMENTE ALLOZA BELEN,CL LLEIDA 88 (FARMACIA),8820,BARCELONA,EL PRAT DE LLOBREGAT,9275,6492,8353,0.28597944031981726,7015,4986,6457,0.2950260730044123,,5265,3394,3863,0.14,,1750,1592,2594,0.63,,2240,1500,1878,0.25,,20,6,18,2.23,1.0,592,512,654,0.28,,2026-07-16
7003846,Area 1,LAURA LUQUIN FRANQUET,7003846,CASAS SANCHEZ JORDI,AV ONZE DE SETEMBRE 185 (FARMACIA),8820,BARCELONA,EL PRAT DE LLOBREGAT,5327,3791,4991,0.3145645645645645,3989,3083,3476,0.12747324035030805,,2405,1526,1071,-0.3,,1584,1557,2405,0.54,,763,306,1188,2.88,,575,402,327,-0.19,,356,205,262,0.28,,2026-07-16
7003847,Area 1,LAURA LUQUIN FRANQUET,7003847,CASAS PLA JAIME,CTRA DE LA MARINA 7 (FARMACIA),8820,BARCELONA,EL PRAT DE LLOBREGAT,8065,4823,6364,0.276939463873602,6057,3684,3876,0.05211726384364823,,3948,1656,1604,-0.03,,2109,2028,2272,0.12,,1846,1001,2003,1.0,,162,138,485,2.51,,1085,810,829,0.02,,2026-06-30
7003853,Area 1,LAURA LUQUIN FRANQUET,7003853,SANCHEZ CALUCHO ROSA,CTRA DE LA MARINA 112 (FARMACIA),8820,BARCELONA,EL PRAT DE LLOBREGAT,9829,5690,3954,-0.3022571148184494,6476,4145,2682,-0.3529553679131484,,4677,2481,1254,-0.49,,1799,1664,1428,-0.14,,2818,1124,1037,-0.08,,535,421,235,-0.44,,700,424,312,-0.26,,2026-06-16
7003864,Area 1,LAURA LUQUIN FRANQUET,7003864,TORRENTS LORCA LUIS,PS ZONA FRANCA 19 (FARMACIA),8038,BARCELONA,BARCELONA,294,225,510,1.1074380165289255,149,123,105,-0.14634146341463417,1.0,104,93,68,-0.26,1.0,45,30,37,0.22,1.0,100,65,120,0.83,1.0,45,37,285,6.65,,37,17,0,-1.0,1.0,2026-06-30
7003867,Area 1,LAURA LUQUIN FRANQUET,7003867,CASAS SANCHEZ JAVIER,PZA FRANCESC MACIA 2 (FARMACIA),8440,BARCELONA,CARDEDEU,683,373,402,0.0680628272251309,432,205,306,0.4926829268292683,,432,205,268,0.31,,0,0,38,0.0,1.0,102,57,70,0.22,1.0,149,111,26,-0.77,1.0,9,9,6,-0.29,1.0,2026-06-27
7003990,Area 1,LAURA LUQUIN FRANQUET,7003990,IGLESIAS HUIX FRANCESCA,AV PARAL.LEL 131 (FARMACIA),8004,BARCELONA,BARCELONA,35,0,334,,14,0,105,,1.0,14,0,88,0.0,1.0,0,0,17,0.0,1.0,21,0,203,0.0,,0,0,26,0.0,1.0,6,0,700,0.0,,2026-06-30
7004079,Area 1,LAURA LUQUIN FRANQUET,7004079,SANCHEZ BLAZQUEZ PEDRO,CL MAS DURAN 43 (FARMACIA),8042,BARCELONA,BARCELONA,2904,2904,0,-1.0,1934,1934,0,-1.0,,1934,1934,0,-1.0,,0,0,0,0.0,1.0,661,661,0,-1.0,,309,309,0,-1.0,,175,175,0,-1.0,,2025-04-14
7004092,Area 1,LAURA LUQUIN FRANQUET,7004092,DUALFARMA INNOVA SL,AV GRAN VIA DE LES CORTS CATALANES 278 (FCIA),8004,BARCELONA,BARCELONA,9473,7142,9137,0.3018631813125696,6054,4249,4846,0.14050364791715708,,4727,2922,2027,-0.31,,1327,1327,2819,1.12,,1738,1384,3073,1.22,,1681,1509,1218,-0.19,,167,50,226,3.52,,2026-06-22
7004153,Area 1,LAURA LUQUIN FRANQUET,7004153,PESET URGILLES CLARA,CL PARE GARI 36 (FARMACIA),8800,BARCELONA,VILANOVA I LA GELTRU,2437,2023,283,-0.868682505399568,1090,1082,120,-0.88909426987061,,975,967,120,-0.88,,115,115,0,-1.0,1.0,906,500,152,-0.7,,441,441,11,-0.97,,76,292,21,-0.93,,2026-05-04
7004360,Area 1,LAURA LUQUIN FRANQUET,7004360,NIUBO ESLAVA ITZIAR,AV GAVA 13 (FCIA),8840,BARCELONA,VILADECANS,0,0,2014,,0,0,2014,,,0,0,1019,0.0,,0,0,995,0.0,,0,0,0,0.0,1.0,0,0,0,0.0,1.0,0,0,382,0.0,,2026-07-10
7004432,Area 1,LAURA LUQUIN FRANQUET,7004432,VAUCOULOUX ESQUE CRISTINA,PS MIRAMAR 193 (FCIA),43830,TARRAGONA,TORREDEMBARRA,576,0,4829,,576,0,3792,,,576,0,1491,0.0,,0,0,2301,0.0,,0,0,0,0.0,1.0,0,0,1037,0.0,,0,0,22,0.0,1.0,2026-06-23
7004530,Area 1,LAURA LUQUIN FRANQUET,7004530,MORERA SERDA JOSEFA,CL ROSER 28 (FCIA),8004,BARCELONA,BARCELONA,0,0,896,,0,0,595,,,0,0,230,0.0,,0,0,365,0.0,,0,0,301,0.0,,0,0,0,0.0,1.0,0,0,318,0.0,,2026-07-08
7004536,Area 1,LAURA LUQUIN FRANQUET,7004536,TARRADELLAS ZAMORANO ALEJANDRA,CL MAJOR 37 (FCIA),8859,BARCELONA,BEGUES,0,0,2909,,0,0,1058,,,0,0,1058,0.0,,0,0,0,0.0,1.0,0,0,1142,0.0,,0,0,709,0.0,,0,0,304,0.0,,2026-07-28
7004552,Area 1,LAURA LUQUIN FRANQUET,7004552,MASCARO LLOPART MARIA EULALIA,CL TAMARIT 89 (FCIA),8015,BARCELONA,BARCELONA,0,0,404,,0,0,166,,,0,0,166,0.0,,0,0,0,0.0,1.0,0,0,238,0.0,,0,0,0,0.0,1.0,0,0,0,0.0,1.0,2026-04-15
7004663,Area 1,LAURA LUQUIN FRANQUET,7004663,PANADES MAS FRANCESCA,PS ZONA FRANCA 226 (FCIA),8038,BARCELONA,BARCELONA,0,0,965,,0,0,655,,,0,0,32,0.0,1.0,0,0,623,0.0,,0,0,0,0.0,1.0,0,0,310,0.0,,0,0,0,0.0,1.0,2026-06-05
