category,brand,cn,description,format,pvl,order_type,hero,novelty
Antiedat,Avène,224632,Hyaluron Activ Procedure Sérum Peeling,30 ml,45.4,CAMPAÑA,False,True
Antiedat,Avène,224617,Hyaluron Activ Procedure Sérum Lifting,30 ml,45.4,CAMPAÑA,False,True
Antiedat,Avène,207532,Hyaluron Activ B3 Aqua-Gel,50 ml,32.25,DIRECTO,False,False
Antiedat,Avène,219947,Hyaluron Activ Procedure Crema Lifting,30 ml,47.5,DIRECTO,False,False
Antiedat,Avène,187835,DermAbsolu Día,50 ml,38.88,DIRECTO,False,False
Antiedat,Avène,188312,DermAbsolu Noche,40 ml,40.27,DIRECTO,False,False
Antiedat,Avène,188131,DermAbsolu Sérum Concentrado Remodelador,30 ml,40.27,DIRECTO,False,False
Antiedat,Avène,188130,DermAbsolu Contorno de Ojos Rellenador,15 ml,29.36,DIRECTO,False,False
Acné / Cleanance,Avène,223748,Cleanance Comedomed+ Fluido Intensivo Antiimp. SPF30,30 ml,16.6,CAMPAÑA,False,True
Acné / Cleanance,Avène,192402,Cleanance Comedomed+ Concentrado Anti-imperfecciones,30 ml,15.1,CAMPAÑA,False,True
Acné / Cleanance,Avène,214638,Cleanance Comedomed Peeling,40 ml,20.98,DIRECTO,True,False
Acné / Cleanance,Avène,179682,Cleanance Gel Limpiador,400 ml,15.5,DIRECTO,False,False
Acné / Keracnyl,Ducray,223780,Keracnyl Spray Corporal Secante Antiacné,150 ml,17.0,CAMPAÑA,False,True
Acné / Keracnyl,Ducray,179108,Keracnyl Serum Regulador Antiimperfecciones,30 ml,17.8,DIRECTO,True,False
Acné / Keracnyl,Ducray,171541,Keracnyl Gel Limpiador cara y cuerpo,400 ml,14.26,DIRECTO,False,False
Acné / Keracnyl,Ducray,159416,Keracnyl PP+ crema anti-imperfecciones,30 ml,12.91,DIRECTO,False,False
Atopia,A-Derma,170675,Exomega Crema Emoliente,400 ml,18.2,DIRECTO,True,False
Atopia,A-Derma,217714,Exomega Crema Noche Emoliente,400 ml,18.9,DIRECTO,True,False
Atopia,A-Derma,220460,Exomega Aceite Limpiador,1 L,15.6,DIRECTO,True,False
Atopia,A-Derma,311955,Exomega Gel Limpiador 2 en 1,500 ml,11.7,DIRECTO,False,False
Atopia,A-Derma,198107,Exomega Spray Emoliente,200 ml,14.6,DIRECTO,False,False
Atopia,A-Derma,222970,Exomega Gel-Crema Calmante,40 ml,17.6,DIRECTO,True,False
Anticaspa,Ducray,219962,Kelual DS Intensive,100 ml,13.8,CAMPAÑA,False,True
Anticaspa,Ducray,221302,Kelual DS Intensive Spray Calmante,100 ml,14.05,CAMPAÑA,False,True
Anticaspa,Ducray,221037,Kelual Squanorm Refrescante,400 ml,14.05,CAMPAÑA,False,True
Anticaspa,Ducray,221303,Kelual Squanorm Caspa Grasa Recarga,400 ml,12.85,CAMPAÑA,False,True
Anticaspa,Ducray,221301,Kelual Squanorm Caspa Seca Recarga,400 ml,12.85,CAMPAÑA,False,True
Anticaiguda,Ducray,170875,Anacaps Reactiv,90 caps,37.9,DIRECTO,True,False
Anticaiguda,Ducray,218239,Anaphase Champú Anticaída y Crecimiento,400 ml,14.35,DIRECTO,True,False
Anticaiguda,Ducray,218238,Anaphase Champú Anticaída y Crecimiento,200 ml,11.61,DIRECTO,False,False
Anticaiguda,Ducray,207692,Neoptide Expert,50 ml,42.5,DIRECTO,True,False
Mans i llavis,Avène,186112,Dúo Crema de Manos Cold Cream,2x50 ml,0.0,CAMPAÑA,False,False
Mans i llavis,Avène,186111,Duplo Stick Labios Cold Cream,2x4 g,0.0,CAMPAÑA,False,False
Mans i llavis,Avène,184597,Bálsamo Labial Hidratación 24H,10 ml,6.565,DIRECTO,False,False
Mans i llavis,Avène,326637,Crema al Cold Cream,40 ml,8.5855,DIRECTO,False,False
Mans i llavis,Avène,356667,Pan Limpiador al Cold Cream,100 g,5.7939,DIRECTO,False,False
Mans i llavis,Avène,252957,Crema de Manos Cold Cream,50 ml,5.151,DIRECTO,False,False
Mans i llavis,Avène,228908,Stick Labios Cold Cream,4 g,4.646,DIRECTO,False,False
Cicalfate,Avène,166825,Cicalfate Manos,100 ml,9.55,DIRECTO,True,False
Cicalfate,Avène,184702,Cicalfate Labios,10 ml,6.7,DIRECTO,True,False
Essencials / Higiene,Avène,161581,Agua Micelar Desmaquillante precio especial,400 ml,12.1992,CAMPAÑA,False,False
Essencials / Higiene,Avène,161234,Espuma Limpiadora,150 ml,16.22,DIRECTO,False,False
Essencials / Higiene,Avène,356683,Leche Desmaquillante,200 ml,16.22,DIRECTO,False,False
Essencials / Higiene,Avène,326660,Loción Tónica Calmante,200 ml,15.5,DIRECTO,False,False
Dexeryl,Dexeryl,159078,Crema Emoliente,500 g,11.2,DIRECTO,True,False
Dexeryl,Dexeryl,215369,Loción Nutritiva,500 ml,10.94,DIRECTO,True,False
Dexeryl,Dexeryl,207590,Aceite Limpiador,500 ml,10.97,DIRECTO,False,False
Dexeryl,Dexeryl,207588,Aceite Limpiador,200 ml,6.77,DIRECTO,False,False
Dexeryl,Dexeryl,219068,Aceite Limpiador,1 L,13.73,DIRECTO,False,False
Dexeryl,Dexeryl,223976,Gel Ducha Hidratante,500 ml,8.87,CAMPAÑA,False,True
Dexeryl,Dexeryl,224518,Gel Ducha Hidratante,1 L,11.65,CAMPAÑA,False,True
Essencials / Aigua termal,Avène,356709,Agua Termal Avène,300 ml,10.7,DIRECTO,True,False
Antiedat,Avène,207531,Hyaluron Activ B3 Crema,50 ml,32.25,DIRECTO,True,False
Cicalfate,Avène,156033,Cicalfate+ Crema Reparadora,100 ml,13.65,DIRECTO,True,False
Solar,Avène,222432,Ultra Sérum Repulpante,30 ml,31.35,DIRECTO,True,False
Solar,Avène,214974,Ultra Fluido Invisible SPF50,50 ml,20.3,DIRECTO,True,False
Anticaspa,Ducray,209510,Kelual DS Champú Tratante,100 ml,12.95,DIRECTO,True,False
Solar,Avène,216667,Ultra Fluido Oil Control SPF50,50 ml,20.3,CAMPAÑA,False,True
Solar,Avène,200892,Ultra Fluido Mat Perfect SPF50,50 ml,20.3,DIRECTO,False,False
Solar,Avène,216195,Ultra Fluido Radiance SPF50,50 ml,20.3,CAMPAÑA,False,True
Solar,Avène,222434,Ultra Sérum Efecto Glow,30 ml,31.35,DIRECTO,False,False
Solar,Avène,222433,Ultra Sérum Hidratación Duradera,30 ml,31.35,DIRECTO,False,False
Solar,Avène,199084,Intense Protect SPF50+,150 ml,21.16,DIRECTO,False,False
Solar,Avène,198044,Spray Invisible SPF50,200 ml,20.44,DIRECTO,True,False
Solar,Avène,214816,Spray Familia SPF50+,400 ml,28.3,DIRECTO,True,False
Solar,Avène,330579,Spray Niños SPF50+,200 ml,20.44,DIRECTO,True,False
Atopia,Avène,187766,XERACALM AD BÁLSAMO RELIPIDIZANTE,400 ML,18.5,DIRECTO,True,False
Atopia,Avène,187929,XERACALM AD CREMA RELIPIDIZANTE,400 ML,18.5,DIRECTO,False,False
Atopia,Avène,191169,XERACALM AD CONCENTRADO CALMANTE,40 ML,10.6,DIRECTO,True,False
Hidratació / Hydrance,Avène,192332,PACK HYDRANCE AQUA GEL + AGUA MICELAR 100ML REGALO,,21.5,DIRECTO,True,False
