Código Nacional	Codigo Articulo	Descripción	Formato	PVL sin IVA 2026	PVP IVA Recomendado 2026	TIPO DE IVA	HEROE & BEST SELLER	Nombre Gama España	MARCA	TIPO DE PEDIDO FARMACIA
356709.1P	P0015224	AV DUO AGUA TERMAL 300ML	2 x 300 ML	18,19	26,52	21%		AGUA TERMAL	AV-AVENE	DIRECTO
356709.1	P0000488	AGUA TERMAL DE AVENE	300 ML	10,70	15,60	21%	HEROE	AGUA TERMAL	AV-AVENE	DIRECTO
304394.6	P0000489	AGUA TERMAL DE AVENE	150 ML	8,00	11,70	21%		AGUA TERMAL	AV-AVENE	DIRECTO
203465.5	P0000930	AGUA TERMAL DE AVENE	50 ML	4,00	5,90	21%		AGUA TERMAL	AV-AVENE	DIRECTO
198844.7	P0011399	TOLERANCE LOCIÓN LIMPIADORA GELIFICADA	400 ML	15,00	21,90	21%		TOLERANCE	AV-AVENE	DIRECTO
381988.6	P0011397	TOLERANCE LOCIÓN LIMPIADORA GELIFICADA	200 ML	12,90	18,90	21%		TOLERANCE	AV-AVENE	DIRECTO
304410.3	P0011391	TOLERANCE CONTROL CREMA CALMANTE	40 ML	20,50	29,80	21%		TOLERANCE	AV-AVENE	DIRECTO
162270.9	P0011394	TOLERANCE CONTROL BALSAMO CALMANTE	40 ML	20,50	29,80	21%		TOLERANCE	AV-AVENE	DIRECTO
205556.8	P0013173	TOLERANCE HYDRA-10 FLUIDO HIDRATANTE	40 ML	19,10	27,80	21%		TOLERANCE HYDRA	AV-AVENE	DIRECTO
205555.1	P0013178	TOLERANCE HYDRA-10 CREMA HIDRATANTE	40 ML	19,10	27,80	21%		TOLERANCE HYDRA	AV-AVENE	DIRECTO
159259.0	P0015511	ROSAMED CONCENTRADO ANTI-ROJECES	30 ML	20,40	29,70	21%		ANTIROJECES	AV-AVENE	DIRECTO
214836.9	P0016117	ROSAMED CONCENTRADO HIDRATANTE PROTECTOR SPF 50+	30 ML	22,60	32,90	21%		ANTIROJECES	AV-AVENE	DIRECTO
207684.6	P0017884	PACK HYDRANCE SERUM + MINI SERUM VT CG + ATA 50 ML REGALO		24,90	36,20	21%		HYDRANCE	AV-AVENE	DIRECTO
207684.6	P0013603	HYDRANCE BOOST SÉRUM HIDRATANTE CONCENTRADO	30ML	24,90	36,20	21%		HYDRANCE	AV-AVENE	DIRECTO
192332.5	P0018247	PACK HYDRANCE AQUA GEL + AGUA MICELAR 100ML REGALO		21,50	31,30	21%		HYDRANCE	AV-AVENE	DIRECTO
192332.5	P0016800	HYDRANCE AQUA-GEL RENO	50 ML	21,50	31,30	21%	HÉROE	HYDRANCE	AV-AVENE	DIRECTO
150827.0	P0018248	PACK HYDRANCE CREMA HIDRATANTE SPF30 + AGUA MICELAR 100ML REGALO		18,30	26,60	21%		HYDRANCE	AV-AVENE	DIRECTO
150827.0	P0016797	HYDRANCE CREMA SPF30 40ML NF	40 ML	18,30	26,60	21%		HYDRANCE	AV-AVENE	DIRECTO
262717.8	P0017161	HYDRANCE CREMA HIDRATANTE LIGERA	40 ML	17,50	25,50	21%		HYDRANCE	AV-AVENE	DIRECTO
262709.3	P0003883	HYDRANCE RICA CREMA HIDRATANTE	40 ML	17,50	25,50	21%		HYDRANCE	AV-AVENE	DIRECTO
192334.9	P0008045	HYDRANCE BB EMULSION LIGERA HIDRATANTE	40 ML	18,50	26,90	21%		HYDRANCE	AV-AVENE	DIRECTO
192335.6	P0008046	HYDRANCE BB CREMA RICA HIDRATANTE	40 ML	18,50	26,90	21%		HYDRANCE	AV-AVENE	DIRECTO
161581.P	P0017045	PACK DUO AGUA MICELAR	2 X 400 ML	12,95	16,50	21%		CUIDADOS ESENCIALES	AV-AVENE	DIRECTO
	P0017234	PROMO AGUA MICELAR	400ML	8,63	10,90	21%		CUIDADOS ESENCIALES	AV-AVENE	DIRECTO
161581.7	P0013312	AGUA MICELAR	400 ML	12,20	17,90	21%		CUIDADOS ESENCIALES	AV-AVENE	DIRECTO
356683.4	P0013315	LECHE LIMPIADORA SUAVIZANTE	200 ML	16,22	23,60	21%		CUIDADOS ESENCIALES	AV-AVENE	DIRECTO
207551.1	P0014089	GEL DESMAQUILLANTE MICELAR	200 ML	14,83	21,60	21%		CUIDADOS ESENCIALES	AV-AVENE	DIRECTO
326660.4	P0015956	LOCIÓN TÓNICA CALMANTE	200 ML	15,50	22,60	21%		CUIDADOS ESENCIALES	AV-AVENE	DIRECTO
161234.2	P0013316	ESPUMA LIMPIADORA MATIFICANTE	150 ML	16,22	23,60	21%		CUIDADOS ESENCIALES	AV-AVENE	DIRECTO
356675.9	P0007975	CREMA NUTRITIVA REVITALIZANTE	50 ML	23,00	33,50	21%		CUIDADOS ESENCIALES	AV-AVENE	DIRECTO
154219.9	P0017284	GEL EXFOLIANTE SUAVIDAD	50 ML	15,50	22,60	21%		CUIDADOS ESENCIALES	AV-AVENE	DIRECTO
326652.9	P0015399	MASCARILLA CALMANTE LUMINOSIDAD	50ML	16,63	24,20	21%		CUIDADOS ESENCIALES	AV-AVENE	DIRECTO
177471.2	P0006763	DESMAQUILLANTE OJOS INTENSO	125 ML	13,29	19,40	21%		CUIDADOS ESENCIALES	AV-AVENE	DIRECTO
154250.2	P0003103	DESMAQUILLANTE SUAVIDAD OJOS	125 ML	11,64	16,90	21%		CUIDADOS ESENCIALES	AV-AVENE	DIRECTO
167501.9	P0017114	CUIDADO CALMANTE CONTORNO DE OJOS	15 ML	13,68	20,40	21%		CUIDADOS ESENCIALES	AV-AVENE	DIRECTO
210677.2	P0018246	XERACALM A D ACEITE LIMPIADOR RELIPIDIZANTE	1000 ML	15,83	20,10	21%		XERACALM	AV-AVENE	DIRECTO
191169.8	P0017116	XERACALM AD CONCENTRADO CALMANTE	40 ML	10,60	15,50	21%	HÉROE	XERACALM	AV-AVENE	DIRECTO
187766.6	P0017049	XERACALM AD BÁLSAMO RELIPIDIZANTE	400 ML	18,50	26,90	21%		XERACALM	AV-AVENE	DIRECTO
166828.8	P0017048	XERACALM AD BÁLSAMO RELIPIDIZANTE	200 ML	14,90	21,50	21%		XERACALM	AV-AVENE	DIRECTO
187929.5	P0017050	XERACALM AD CREMA RELIPIDIZANTE	400 ML	18,50	26,90	21%		XERACALM	AV-AVENE	DIRECTO
166826.4	P0016639	XERACALM AD CREMA RELIPIDIZANTE	200 ML	14,90	21,50	21%		XERACALM	AV-AVENE	DIRECTO
	P0017479	PROMO XERACALM NUTRITION GEL LIMPIADOR	750ML	11,70	14,49	21%		XERACALM	AV-AVENE	DIRECTO
208054.6	P0014085	XERACALM NUTRITION GEL LIMPIADOR	750 ML	14,40	20,90	21%		XERACALM	AV-AVENE	DIRECTO
	P0017236	PROMO XERACALM NUTRITION BALSAMO HIDRATANTE	400ML	13,20	16,50	21%		XERACALM	AV-AVENE	DIRECTO
208053.9	P0014087	XERACALM NUTRITION BALSAMO HIDRATANTE	400 ML	16,35	23,90	21%		XERACALM	AV-AVENE	DIRECTO
	P0017235	PROMO XERACALM NUTRITION LECHE HIDRATANTE	400 ML	13,20	16,50	21%		XERACALM	AV-AVENE	DIRECTO
208055.3	P0014093	XERACALM NUTRITION LECHE HIDRATANTE	400 ML	16,35	23,90	21%		XERACALM	AV-AVENE	DIRECTO
190976.3	P0014526	DESODORANTE EFICACIA 24H	50 ML	8,50	12,40	21%		CUIDADOS CORPORALES	AV-AVENE	DIRECTO
185111.6	P0004689	BODY BÁLSAMO FUNDENTE HIDRATANTE	250 ML	17,80	25,90	21%		CUIDADOS CORPORALES	AV-AVENE	DIRECTO
172579.0	P0004688	BODY GEL DE DUCHA	500 ML	11,10	16,20	21%		CUIDADOS CORPORALES	AV-AVENE	DIRECTO
228908.6	P0011339	STICK LABIOS COLD CREAM	4 G	4,65	6,90	21%		COLD CREAM	AV-AVENE	DIRECTO
184597.9	P0012016	BÁLSAMO LABIAL HIDRATACIÓN INTENSA	10 ML	6,57	9,60	21%		COLD CREAM	AV-AVENE	DIRECTO
252957.1	P0014916	CREMA DE MANOS COLD CREAM CONCENTRADA	50 ML	5,15	7,50	21%		COLD CREAM	AV-AVENE	DIRECTO
326637.6	P0003853	COLD CREAM	40 ML	8,59	12,50	21%		COLD CREAM	AV-AVENE	DIRECTO
356667.4	P0000546	PAN LIMPIADOR AL COLD CREAM	100 G	5,79	8,50	21%		COLD CREAM	AV-AVENE	DIRECTO
228908.6	P0011339	STICK LABIOS COLD CREAM	4 G	4,65	6,90	21%		COLD CREAM	AV-AVENE	CAMPAÑA
228908.6	P0012769	DUO STICK LABIAL COLD CREAM 50% 2a UNIDAD	2 x 4G	6,98	9,90	21%		COLD CREAM	AV-AVENE	CAMPAÑA
184597.9	P0012016	BÁLSAMO LABIAL HIDRATACIÓN INTENSA	10 ML	6,57	9,60	21%		COLD CREAM	AV-AVENE	CAMPAÑA
252957.1	P0014916	CREMA DE MANOS COLD CREAM CONCENTRADA	50 ML	5,15	7,50	21%		COLD CREAM	AV-AVENE	CAMPAÑA
252957.1	P0015416	DUO CREMA DE MANOS 50% 2A UNIDAD	100ML	7,73	10,90	21%		COLD CREAM	AV-AVENE	CAMPAÑA
326637.6	P0003853	COLD CREAM	40 ML	8,59	12,50	21%		COLD CREAM	AV-AVENE	CAMPAÑA
356667.4	P0000546	PAN LIMPIADOR AL COLD CREAM	100 G	5,79	8,50	21%		COLD CREAM	AV-AVENE	CAMPAÑA
212088.4	P0015512	VITAMIN ACTIV Cg SERUM LUMINOSIDAD CORRECTOR	30 ML	34,30	49,90	21%	HÉROE	VITAMIN C	AV-AVENE	DIRECTO
	P0018239	PACK SERUM VITAMIN Cg+SERUM HYDRANCE+AGUA TERMAL	30ML+10ML+50ML	34,30	49,90	21%		VITAMIN C	AV-AVENE	DIRECTO
212089.1	P0017588	VITAMIN ACTIV Cg CREMA LUMINOSIDAD INTENSIVA	50 ML	32,25	46,90	21%		VITAMIN C	AV-AVENE	DIRECTO
212090.7	P0017589	VITAMIN ACTIV C REFILL CREMA LUMINOSIDAD INTENSIVA	50 ML	28,60	41,90	21%		VITAMIN C	AV-AVENE	DIRECTO
207533.7	P0013686	HYALURON ACTIV B3 SERUM CONCENTRADO VOLUMINIZADOR	30 ML	34,30	49,90	21%		HYALURON ACTIV	AV-AVENE	DIRECTO
	P0018240	PACK SERUM HYALURON ACTIV B3+SERUM HYDRANCE+AGUA TERMAL	30ML+10ML+50ML	34,30	49,90	21%		HYALURON ACTIV	AV-AVENE	DIRECTO
207531.3	P0017531	HYALURON ACTIV B3 CREMA REGENERADORA CELULAR	50 ML	32,25	46,90	21%	HÉROE	HYALURON ACTIV	AV-AVENE	DIRECTO
	P0018600	PACK CREMA HYALURON ACTIV B3+MINI SERUM HAB3+AGUA TERMAL	50ML+10ML+50ML	32,25	46,90	21%		HYALURON ACTIV	AV-AVENE	CAMPAÑA
207535.1	P0017530	HYALURON ACTIV B3 RECARGA CREMA DE DIA REGENERADORA	50 ML	28,60	41,90	21%		HYALURON ACTIV	AV-AVENE	DIRECTO
207532.0	P0017533	HYALURON ACTIV B3 AQUA GEL CREMA REGENERADORA CELULAR	50 ML	32,25	46,90	21%	HÉROE	HYALURON ACTIV	AV-AVENE	DIRECTO
	P0018601	PACK AQUA GEL CREMA HYALURON ACTIV B3+MINI SERUM HAB3+AGUA TERMAL	50ML+10ML+50ML	32,25	46,90	21%		HYALURON ACTIV	AV-AVENE	CAMPAÑA
212030.3	P0017532	HYALURON ACTIV B3 RECARGA AQUA GEL-CREMA DE DIA REGENERADORA	50 ML	28,60	41,90	21%		HYALURON ACTIV	AV-AVENE	DIRECTO
207534.4	P0013685	HYALURON ACTIV B3 CREMA DE NOCHE MULTI-INTENSIVA	40 ML	32,60	47,50	21%		HYALURON ACTIV	AV-AVENE	DIRECTO
153506.1	P0015957	HYALURON ACTIV B3 CUIDADO DE OJOS TRIPLE ACCIÓN	15 ML	25,80	37,90	21%		HYALURON ACTIV	AV-AVENE	DIRECTO
223257.0	P0017915	HYALURON ACTIV UV FLUIDO TRIPLE EFICACIA ANTIEDAD SPF50	40 ML	32,25	46,90	21%		HYALURON ACTIV	AV-AVENE	DIRECTO
224632.4	P0017912	HYALURON ACTIV PROCEDURE SERUM PEELING	30ML	45,40	65,90	21%	HÉROE	HYALURON ACTIV	AV-AVENE	CAMPAÑA
224617.1	P0017911	HYALURON ACTIV PROCEDURE SERUM LIFTING	30ML	45,40	65,90	21%		HYALURON ACTIV	AV-AVENE	CAMPAÑA
220536.9	P0017488	HYALURON ACTIV PROCEDURE SERUM 10% HEXAPEPTIDOS	20ML	43,35	63,10	21%		HYALURON ACTIV	AV-AVENE	DIRECTO
219947.7	P0017377	HYALURON ACTIV PROCEDURE 0,1% CREMA LIFTING	30ML	47,50	69,10	21%	HÉROE	HYALURON ACTIV	AV-AVENE	DIRECTO
	P0018603	PACK HYALURON ACTIV CREMA LIFTING+MINI SERUM HAB3+ ATA 50ML	30ML+10ML+50ML	47,50	69,10	21%		HYALURON ACTIV	AV-AVENE	CAMPAÑA
219948.4	P0017376	HYALURON ACTIV PROCEDURE 0,05 %CREMA MICRO-LIFT OJOS Y LABIOS	15ML	35,10	51,10	21%		HYALURON ACTIV	AV-AVENE	DIRECTO
188131.1	P0016310	DERMABSOLU SERUM CONCENTRADO REMODELADOR	30 ML	40,27	58,60	21%		DERMABSOLU	AV-AVENE	DIRECTO
187835.9	P0017590	DERMABSOLU CREMA REDENSIFICANTE	50 ML	38,88	56,60	21%		DERMABSOLU	AV-AVENE	DIRECTO
	P0018638	PACK CREMA DERMABSOLU DIA+ATA 50ML+NOCHE 10ML	50ML+10ML+100ML	38,88	56,60	21%		DERMABSOLU	AV-AVENE	CAMPAÑA
215052.2	P0017591	REFILL CREMA REDENSIFICANTE ECORRECARGA	50 ML	35,33	51,40	21%		DERMABSOLU	AV-AVENE	DIRECTO
188312.4	P0016306	DERMABSOLU CREMA REMODELADORA INTENSIVA NOCHE	40 ML	40,27	58,60	21%	HÉROE	DERMABSOLU	AV-AVENE	DIRECTO
	P0018602	PACK DERMABSOLU NOCHE+AGUA TERMAL +AGUA MICELAR	40ML+50ML+50ML	40,27	58,60	21%		DERMABSOLU	AV-AVENE	CAMPAÑA
188130.4	P0016305	DERMABSOLU CONTORNO DE OJOS RELLENADOR	15 ML	29,36	42,70	21%		DERMABSOLU	AV-AVENE	DIRECTO
179682.P	P0015228	PRECIO ESPECIAL CLEANANCE GEL LIMPIADOR	400 ML	15,50	19,90	21%	BEST SELLER	ACNE	AV-AVENE	DIRECTO
396101.1	P0015173	CLEANANCE GEL LIMPIADOR TUBO	200 ML	10,50	15,20	21%		ACNE	AV-AVENE	DIRECTO
219556.1	P0017156	AV CLEAN COMED GEL LIMP EXFOLIANTE 400 ML	400 ML	18,40	23,50	21%		ACNE	AV-AVENE	DIRECTO
	P0017880	AV PROM DUO CLEANANCE AGUA MICELAR 400ML 50%	2 X 400 ML	14,28	18,90	21%		ACNE	AV-AVENE	DIRECTO
	P0017237	PRECIO ESPECIAL CLEANANCE AGUA MICELAR	400 ML	9,35	11,90	21%		ACNE	AV-AVENE	DIRECTO
162356.0	P0015089	CLEANANCE AGUA MICELAR	400 ML	13,60	19,90	21%		ACNE	AV-AVENE	DIRECTO
192402.5	P0017153	AV CLEAN COMEDOMED+ 30ML NP	30 ML	15,10	21,90	21%	HÉROE	ACNE	AV-AVENE	DIRECTO
223748.3	P0017841	CLEANANCE COMEDOMED+ 30ML SPF30	30 ML	16,60	24,10	21%		ACNE	AV-AVENE	CAMPAÑA
214638.9	P0016865	CLEANANCE COMEDOMED PEELING CREMA INTENSIVA PARA BROTES DE GRANOS	40 ML	20,98	30,50	21%	HÉROE	ACNE	AV-AVENE	DIRECTO
221802.4	P0017621	CLEANANCE COMEDOMED SERUM INTENSIVO	30 ML	26,90	39,90	21%	HÉROE	ACNE	AV-AVENE	DIRECTO
212021.1	P0015548	CLEANANCE AQUA GEL MATIFICANTE	50 ML	18,50	26,90	21%		ACNE	AV-AVENE	DIRECTO
210882.0	P0015081	CLEANANCE SÉRUM EXFOLIANTE AHA	30 ML	27,00	39,30	21%		ACNE	AV-AVENE	DIRECTO
210650.5	P0014902	CLEANANCE MASCARILLA DETOX	50 ML	13,90	20,20	21%		ACNE	AV-AVENE	DIRECTO
210651.2	P0015177	CLEANANCE MASCARILLA DETOX	2 x 6 ML	3,50	5,10	21%		ACNE	AV-AVENE	DIRECTO
306042.4	P0015171	CLEANANCE HYDRA CREMA LIMPIADORA	200 ML	12,70	18,50	21%		ACNE	AV-AVENE	DIRECTO
	P0006848	CLEANANCE HYDRA CREMA CALMANTE	40 ML	14,35	20,90	21%		ACNE	AV-AVENE	DIRECTO
168427.1	P0009162	CICALFATE+ CREMA REPARADORA	40 ML	8,85	12,90	21%	HÉROE	CICALFATE	AV-AVENE	DIRECTO
156033.Q	P0015651	CICALFATE+ CREMA REPARADORA	100ML	13,65	19,90	21%		CICALFATE	AV-AVENE	DIRECTO
209661.5	P0016010	CICALFATE+ REPARADORA PROTECTORA SPF 50+	30 ML	11,90	17,50	21%		CICALFATE	AV-AVENE	DIRECTO
211141.7	P0017936	CICALFATE+ SÉRUM REPARADOR	30 ML	24,90	36,20	21%		CICALFATE	AV-AVENE	DIRECTO
196482.3	P0010062	CICALFATE+ SPRAY SECANTE REPARADOR	100 ML	11,60	16,90	21%		CICALFATE	AV-AVENE	DIRECTO
205878.1	P0013286	CICALFATE+ GEL LIMPIADOR	200 ML	9,00	13,10	21%		CICALFATE	AV-AVENE	DIRECTO
162721.6	P0012323	CICALFATE+ EMULSIÓN POST ACTO	40 ML	12,50	17,90	21%		CICALFATE	AV-AVENE	DIRECTO
196483.0	P0017753	CICALFATE+ GEL DE CICATRICES	40 ML	9,65	14,10	21%		CICALFATE	AV-AVENE	DIRECTO
184702.7	P0017256	CICALFATE+ BÁLSAMO LABIOS	12 ML	6,70	9,70	21%		CICALFATE	AV-AVENE	DIRECTO
166825.7	P0002263	CICALFATE+ CREMA DE MANOS REPARADORA EFECTO BARRERA	100 ML	9,55	13,90	21%		CICALFATE	AV-AVENE	DIRECTO
184210.7	P0003109	MAQUILLAJE FLUIDO NATURAL	30 ML	16,85	24,50	21%		MAQUILLAJE	AV-AVENE	DIRECTO
184211.4	P0003111	MAQUILLAJE FLUIDO ARENA	30 ML	16,85	24,50	21%		MAQUILLAJE	AV-AVENE	DIRECTO
184212.1	P0003112	MAQUILLAJE FLUIDO MIEL	30 ML	16,85	24,50	21%		MAQUILLAJE	AV-AVENE	DIRECTO
184213.8	P0003113	MAQUILLAJE FLUIDO DORADO	30 ML	16,85	24,50	21%		MAQUILLAJE	AV-AVENE	DIRECTO
200179.4	P0016083	MAQUILLAJE CREMA COMPACTA NATURAL	8,5 G	17,80	25,90	21%		MAQUILLAJE	AV-AVENE	DIRECTO
200177.0	P0016084	MAQUILLAJE CREMA COMPACTA DORADO	8,5 G	17,80	25,90	21%		MAQUILLAJE	AV-AVENE	DIRECTO
200176.3	P0016085	MAQUILLAJE CREMA COMPACTA ARENA	8,5 G	17,80	25,90	21%		MAQUILLAJE	AV-AVENE	DIRECTO
200178.7	P0016086	MAQUILLAJE CREMA COMPACTA MIEL	8,5 G	17,80	25,90	21%		MAQUILLAJE	AV-AVENE	DIRECTO
300363.6	P0012356	POLVOS MOSAICO TRANSLUCIDOS	10 G	19,60	28,50	21%		MAQUILLAJE	AV-AVENE	DIRECTO
157435.0	P0012357	POLVOS MOSAICO BUENA CARA	10 G	19,60	28,50	21%		MAQUILLAJE	AV-AVENE	DIRECTO
260984.6	P0012358	POLVOS MOSAICO BRONCEADOS	10 G	19,60	28,50	21%		MAQUILLAJE	AV-AVENE	DIRECTO
185011.9	P0012359	POLVOS MOSAICO ILUMINADORES	10 G	19,60	28,50	21%		MAQUILLAJE	AV-AVENE	DIRECTO
157436.7	P0004335	STICK CORRECTOR VERDE	3,5 G	14,35	20,90	21%		MAQUILLAJE	AV-AVENE	DIRECTO
157439.8	P0004336	STICK CORRECTOR AMARILLO	3,5 G	14,35	20,90	21%		MAQUILLAJE	AV-AVENE	DIRECTO
157437.4	P0004337	STICK CORRECTOR CORAL	3,5 G	14,35	20,90	21%		MAQUILLAJE	AV-AVENE	DIRECTO
151468.4	P0015630	LÁPIZ CORRECTOR CEJAS CLARO	1,19 G	14,35	20,90	21%		MAQUILLAJE	AV-AVENE	DIRECTO
151469.1	P0015677	LÁPIZ CORRECTOR CEJAS OSCURO	1,19 G	14,35	20,90	21%		MAQUILLAJE	AV-AVENE	DIRECTO
167989.5	P0009957	MÁSCARA DE PESTAÑAS ALTA TOLERANCIA NEGRA	7 ML	16,85	24,50	21%		MAQUILLAJE	AV-AVENE	DIRECTO
197534.8	P0010521	MÁSCARA DE PESTAÑAS ALTA DEFINICIÓN NEGRA	7 ML	16,85	24,50	21%		MAQUILLAJE	AV-AVENE	DIRECTO
360594.6	P0012896	ESPUMA DE AFEITAR	200 ML	11,26	16,40	21%		HOMBRE	AV-AVENE	DIRECTO
202530.1	P0012895	ESPUMA DE AFEITAR	50 ML	4,00	5,90	21%		HOMBRE	AV-AVENE	DIRECTO
360610.3	P0013415	BÁLSAMO PARA DESPUES DEL AFEITADO	75 ML	16,22	23,60	21%		HOMBRE	AV-AVENE	DIRECTO
	P0017833	BÁLSAMO PARA DESPUES DEL AFEITADO	50 ML	16,22	23,60	21%		HOMBRE	AV-AVENE	DIRECTO
173680.2	P0012790	CUIDADO HIDRATANTE ANTIEDAD	50 ML	26,47	38,50	21%		HOMBRE	AV-AVENE	DIRECTO
214974.8	P0017286	ULTRA FLUIDO INVISIBLE SPF50	50 ML	20,30	25,90	21%	HÉROE	SOLARES	AV-AVENE	DIRECTO
216667.7	P0016983	ULTRA FLUIDO OIL CONTROL SPF50	50 ML	20,30	25,90	21%		SOLARES	AV-AVENE	DIRECTO
200892.2	P0017251	ULTRA FLUIDO MAT PERFECT COLOR SPF50+	50 ML	20,30	25,90	21%		SOLARES	AV-AVENE	DIRECTO
216195.5	P0016846	ULTRA FLUIDO RADIANCE SPF50+	50 ML	20,30	25,90	21%		SOLARES	AV-AVENE	DIRECTO
222432.2	P0017771	ULTRA SERUM RELLENA AL INSTANTE	30 ML	31,35	39,90	21%	HÉROE	SOLARES	AV-AVENE	DIRECTO
222434.6	P0017772	ULTRA SERUM ACTIVA LA LUMINOSIDAD	30 ML	31,35	39,90	21%		SOLARES	AV-AVENE	DIRECTO
222433.9	P0017770	ULTRA SERUM HIDRATACIÓN DURADERA	30 ML	31,35	39,90	21%		SOLARES	AV-AVENE	DIRECTO
375881.9	P0012943	FLUIDO SPF 50+	50 ML	19,20	24,50	21%		SOLARES	AV-AVENE	DIRECTO
164199.1	P0012994	FLUIDO SPF 50+ SIN PERFUME	50 ML	19,20	24,50	21%		SOLARES	AV-AVENE	DIRECTO
169051.7	P0013001	FLUIDO SPF 50+ COLOR	50 ML	19,20	24,50	21%		SOLARES	AV-AVENE	DIRECTO
173015.2	P0012949	CLEANANCE SPF 50+	50 ML	19,20	24,50	21%			AV-AVENE	DIRECTO
258574.4	P0012999	CREMA SPF 50+	50 ML	19,20	24,50	21%		SOLARES	AV-AVENE	DIRECTO
184703.4	P0012995	CREMA SPF 50+ SIN PERFUME	50 ML	19,20	24,50	21%		SOLARES	AV-AVENE	DIRECTO
332130.3	P0013000	CREMA SPF 50+ COLOR	50 ML	19,20	24,50	21%		SOLARES	AV-AVENE	DIRECTO
180671.0	P0016406	LECHE INVISIBLE SPF 50	250 ML	23,40	29,90	21%		SOLARES	AV-AVENE	DIRECTO
198044.1	P0016399	SPRAY INVISIBLE SPF 50	200 ML	20,44	26,20	21%	HÉROE	SOLARES	AV-AVENE	DIRECTO
193669.1	P0009298	STICK LABIOS SPF 50+	3G	7,90	10,10	21%		SOLARES	AV-AVENE	DIRECTO
222168.0	P0017773	ULTRA STICK SOLAR SPF50 20G	20 G	16,35	20,90	21%		SOLARES	AV-AVENE	DIRECTO
222169.7	P0017774	ULTRA STICK SOLAR SPF50 45G	45 G	20,25	25,90	21%		SOLARES	AV-AVENE	DIRECTO
157809.9	P0013966	REFLEXE SOLAR FAMILIA SPF50+	30 ML	11,50	14,90	21%		SOLARES	AV-AVENE	DIRECTO
199084.6	P0016414	INTENSE PROTECT SPF50+	150 ML	21,16	27,10	21%		SOLARES	AV-AVENE	DIRECTO
173014.5	P0016847	LECHE SPF 50+ NIÑOS	250 ML	23,40	29,90	21%		SOLARES	AV-AVENE	DIRECTO
330579.2	P0016404	SPRAY SPF 50+ NIÑOS	200 ML	20,44	26,20	21%	HÉROE	SOLARES	AV-AVENE	DIRECTO
214816.1	P0017307	SPRAY FAMILIA SPF50+	400ML	28,30	36,90	21%		SOLARES	AV-AVENE	DIRECTO
186207.5	P0006526	BRUMA SPF 30	150 ML	20,44	26,20	21%		SOLARES	AV-AVENE	DIRECTO
169688.5	P0014528	ACEITE SOLAR SPF 30	200 ML	20,44	26,20	21%		SOLARES	AV-AVENE	DIRECTO
151255.0	P0016845	SPRAY SPF 30	200 ML	20,44	26,20	21%		SOLARES	AV-AVENE	DIRECTO
216198.6	P0016633	EXPERT ANTIEDAD SPF50	40ML	26,30	33,50	21%		SOLARES	AV-AVENE	DIRECTO
216197.9	P0016676	EXPERT ANTIIMPERFECCIONES SPF50	40ML	26,30	33,50	21%		SOLARES	AV-AVENE	DIRECTO
216196.2	P0016677	EXPERT ANTIPIGMENTACIÓN SPF50	40ML	26,30	33,50	21%		SOLARES	AV-AVENE	DIRECTO
195475.6	P0010355	SUNSISTICK KA 50+	20 G	18,50	23,60	21%		SOLARES	AV-AVENE	DIRECTO
180834.9	P0015315	SUNSIMED KA SPF50+	80 ML	24,00	30,60	21%		SOLARES	AV-AVENE	DIRECTO
211405.0	P0015456	SUNSIMED PIGMENT SPF50+	80 ML	24,00	30,60	21%		SOLARES	AV-AVENE	DIRECTO
179744.5	P0013167	FLUIDO SPF 50+ MINERAL	40 ML	19,20	24,50	21%		SOLARES	AV-AVENE	DIRECTO
180324.5	P0013172	FLUIDO SPF 50+ MINERAL COLOR	40 ML	19,20	24,50	21%		SOLARES	AV-AVENE	DIRECTO
155144.3	P0007350	CREMA SPF 50+ MINERAL	50 ML	19,20	24,50	21%		SOLARES	AV-AVENE	DIRECTO
155145.0	P0007351	LECHE SPF 50+ MINERAL	100 ML	19,65	25,10	21%		SOLARES	AV-AVENE	DIRECTO
356782.4	P0003530	COMPACTO COLOR SPF 50 DORADO	9,5 G	20,60	26,30	21%		SOLARES	AV-AVENE	DIRECTO
151072.3	P0003531	COMPACTO COLOR SPF 50 ARENA	9,5 G	20,60	26,30	21%		SOLARES	AV-AVENE	DIRECTO
150326.8	P0013968	AFTER SUN REPARADOR	200 ML	15,96	20,40	21%		SOLARES	AV-AVENE	DIRECTO
157810.5	P0013967	AFTER SUN REPARADOR	400 ML	20,08	25,60	21%		SOLARES	AV-AVENE	DIRECTO
260091.1	P0017769	AUTOBRONCEADOR HIDRATANTE	100 ML	16,40	20,90	21%		SOLARES	AV-AVENE	DIRECTO
	P0017097	DU DUO KELUAL SQU CH CASP GRASA	2x400 ML	22,48	32,80	21%		ESTADOS DESCAMATIVOS	DU-DUCRAY	DIRECTO
215313.4	P0016594	KELUAL SQUANORM CHAMPU CASPA GRASA	400 ML	14,05	20,50	21%	HEROE	ESTADOS DESCAMATIVOS	DU-DUCRAY	DIRECTO
221303.6	P0017853	KELUAL SQUANORM CHAMPU CASPA GRASA REFILL	400 ML	12,85	18,70	21%		ESTADOS DESCAMATIVOS	DU-DUCRAY	DIRECTO
163428.3	P0016596	KELUAL SQUANORM CHAMPU CASPA GRASA	200 ML	11,95	17,40	21%		ESTADOS DESCAMATIVOS	DU-DUCRAY	DIRECTO
221037.0	P0017780	KELUAL SQUANORM CHAMPU REFESCANTE	400 ML	14,05	20,50	21%		ESTADOS DESCAMATIVOS	DU-DUCRAY	DIRECTO
	P0017096	DU DUO KELUAL SQU CH CASP SECA	2x400 ML	22,48	32,80	21%		ESTADOS DESCAMATIVOS	DU-DUCRAY	DIRECTO
215312.7	P0016637	KELUAL SQUANORM CHAMPU CASPA SECA	400 ML	14,05	20,50	21%	HEROE	ESTADOS DESCAMATIVOS	DU-DUCRAY	DIRECTO
221301.2	P0017852	KELUAL SQUANORM CHAMPU CASPA SECA REFILL	400 ML	12,85	18,70	21%		ESTADOS DESCAMATIVOS	DU-DUCRAY	DIRECTO
232686.6	P0016590	KELUAL SQUANORM CHAMPU CASPA SECA	200 ML	11,95	17,40	21%		ESTADOS DESCAMATIVOS	DU-DUCRAY	DIRECTO
394429.8	P0016634	KELUAL SQUANORM LOCION	200 ML	11,25	16,40	21%		ESTADOS DESCAMATIVOS	DU-DUCRAY	DIRECTO
209510.R	P0016026	PACK DUO KELUAL DS CHAMPU	2x 100ML	22,02	32,13	21%		ESTADOS DESCAMATIVOS	DU-DUCRAY	DIRECTO
209510.6	P0011226	KELUAL DS CHAMPU	100 ML	12,95	18,90	21%	HEROE	ESTADOS DESCAMATIVOS	DU-DUCRAY	DIRECTO
219962.0	P0017288	KELUAL DS INTENSIV CHAMPU	100ML	13,80	20,10	21%	HEROE	ESTADOS DESCAMATIVOS	DU-DUCRAY	DIRECTO
221302.9	P0017764	KELUAL DS INTENSIVE SPRAY	100ML	14,05	20,50	21%		ESTADOS DESCAMATIVOS	DU-DUCRAY	DIRECTO
170797.P	P0015130	DUO KELUAL ELUTION	2x400 ML	18,72	27,36	21%		ESTADOS DESCAMATIVOS	DU-DUCRAY	DIRECTO
170797.0	P0014674	KELUAL ELUTION CHAMPU	400 ML	11,70	17,10	21%		ESTADOS DESCAMATIVOS	DU-DUCRAY	DIRECTO
393876.1	P0014673	KELUAL ELUTION CHAMPU	200 ML	9,10	13,30	21%		ESTADOS DESCAMATIVOS	DU-DUCRAY	DIRECTO
363895.1	P0012603	KERTYOL PSO CHAMPU	200 ML	13,35	19,50	21%		ESTADOS DESCAMATIVOS	DU-DUCRAY	DIRECTO
338566.4	P0012623	KERTYOL PSO CONCENTRADO	100 ML	13,80	20,10	21%		ESTADOS DESCAMATIVOS	DU-DUCRAY	DIRECTO
194500.6	P0012624	KERTYOL PSO GEL LIMPIADOR	400 ML	15,74	22,90	21%		ESTADOS DESCAMATIVOS	DU-DUCRAY	DIRECTO
337188.9	P0008408	KELUAL EMULSION	50 ML	11,90	17,30	21%		ESTADOS DESCAMATIVOS	DU-DUCRAY	DIRECTO
252031.8	P0015254	KELUAL DS CREMA	40 ML	11,90	17,30	21%		ESTADOS DESCAMATIVOS	DU-DUCRAY	DIRECTO
178304.2	P0015676	KELUAL DS GEL LIMPIADOR	200 ML	11,90	17,30	21%		ESTADOS DESCAMATIVOS	DU-DUCRAY	DIRECTO
3188166	P0016591	SABAL CHAMPU USO DIARIO	200 ML	11,90	17,40	21%		CABELLOS GRASOS	DU-DUCRAY	DIRECTO
2588974	P0016589	SABAL CHAMPU TRATANTE	200 ML	12,20	17,80	21%		CABELLOS GRASOS	DU-DUCRAY	DIRECTO
171170.P	P0012352	DUO CHAMPU EQUILIBRANTE	2x400ML	16,88	24,64	21%		CABELLOS GRASOS	DU-DUCRAY	DIRECTO
171170.0	P0012330	CHAMPU EQUILIBRANTE	400 ML	10,55	15,40	21%		USO FRECUENTE	DU-DUCRAY	DIRECTO
336628.1	P0012329	CHAMPU EQUILIBRANTE	200 ML	8,15	11,90	21%		USO FRECUENTE	DU-DUCRAY	DIRECTO
196839.5	P0016045	SENSINOL CHAMPU	400 ML	14,09	20,50	21%		CUERO CABELLUDO SENSIBLE	DU-DUCRAY	DIRECTO
158514.1	P0016044	SENSINOL CHAMPU	200 ML	11,95	17,40	21%		CUERO CABELLUDO SENSIBLE	DU-DUCRAY	DIRECTO
165833.3	P0016048	SENSINOL SPRAY SOS	30 ML	13,80	20,10	21%		CUERO CABELLUDO SENSIBLE	DU-DUCRAY	DIRECTO
175314.4	P0004281	SENSINOL ACEITE LIMPIADOR	400ML	13,80	20,09	21%		CUERO CABELLUDO SENSIBLE	DU-DUCRAY	DIRECTO
175316.8	P0004283	SENSINOL LECHE CORPORAL	400ML	17,60	25,65	21%		CUERO CABELLUDO SENSIBLE	DU-DUCRAY	DIRECTO
166050.3	P0017178	ANAPHASE CREASTIM LOCION ANTICAÍDA	60ML	39,10	56,90	21%		ANTICAIDA	DU-DUCRAY	DIRECTO
218239.P	P0017098	DUO ANAPHASE REACTIV CHAMPU	2x400ML	22,96	33,44	21%		ANTICAIDA	DU-DUCRAY	DIRECTO
218239.4	P0016765	ANAPHASE REACTIV CHAMPU	400ML	14,35	20,90	21%	HEROE	ANTICAIDA	DU-DUCRAY	DIRECTO
218238.7	P0016763	ANAPHASE REACTIV CHAMPU	200ML	11,61	16,90	21%		ANTICAIDA	DU-DUCRAY	DIRECTO
218236.3	P0016771	ANAPHASE ACONDICIONADOR FORTIFICANTE ANTIRROTURA	200ML	13,65	19,90	21%		ANTICAIDA	DU-DUCRAY	DIRECTO
170875.5	P0017186	ANACAPS REACTIV CAPS	90 CAPS	37,90	49,50	10%	HEROE	ANTICAIDA	DU-DUCRAY	DIRECTO
383687.6	P0014684	ANACAPS REACTIV CAPS	30 CAPS	19,29	24,90	10%		ANTICAIDA	DU-DUCRAY	DIRECTO
207692.1	P0013431	ANAPHASE NEOPTIDE EXPERT LOCION	2x 50 ML	42,50	61,90	21%		ANTICAIDA	DU-DUCRAY	DIRECTO
174940.R	P0017227	DUO ANAPHASE CRONIC CHAMPU	2x400ML	22,96	33,44	21%		ANTICAIDA	DU-DUCRAY	DIRECTO
174940.6	P0017179	ANAPHASE CRONIC CHAMPU	400 ML	14,35	20,90	21%		ANTICAIDA	DU-DUCRAY	DIRECTO
351452.1	P0017182	ANAPHASE CRONIC CHAMPU	200 ML	11,61	16,90	21%		ANTICAIDA	DU-DUCRAY	DIRECTO
185109.3	P0017187	ANACAPS EXPERT	90 CAPS	40,20	51,90	10%		ANTICAIDA	DU-DUCRAY	DIRECTO
184338.8	P0013880	ANACAPS EXPERT	30 CAPS	20,30	25,90	10%		ANTICAIDA	DU-DUCRAY	DIRECTO
179607.P	P0016183	DEXYANE MED CON SOBREESTUCHE	100 ML	14,43	21,00	21%	HEROE	ECZEMAS	DU-DUCRAY	DIRECTO
179607.3	P0016107	DEXYANE MED CREMA	100 ML	14,43	21,00	21%	HEROE	ECZEMAS	DU-DUCRAY	DIRECTO
179605.9	P0016109	DEXYANE MED CREMA	30ML	9,47	13,80	21%		ECZEMAS	DU-DUCRAY	DIRECTO
193103.0	P0016106	DEXYANE MED PALPEBRAL	15 ML	13,82	20,10	21%	HEROE	ECZEMAS	DU-DUCRAY	DIRECTO
178317.2	P0004178	DEXYANE GEL LIMPIADOR	400 ML	13,10	19,20	21%		PIEL MUY SECA/ ATOPICA	DU-DUCRAY	DIRECTO
193668.4	P0009250	DEXYANE ACEITE LIMPIADOR	400 ML	13,10	19,20	21%		PIEL MUY SECA/ ATOPICA	DU-DUCRAY	DIRECTO
179434.5	P0009491	DEXYANE CREMA	400 ML	18,50	26,90	21%		PIEL MUY SECA/ ATOPICA	DU-DUCRAY	DIRECTO
185967.9	P0010166	DEXYANE BALSAMO	400 ML	18,50	26,90	21%		PIEL MUY SECA/ ATOPICA	DU-DUCRAY	DIRECTO
193727.8	P0009128	DEXYANE CREMA BARRERA	100 ML	10,30	15,10	21%		PIEL MUY SECA/ ATOPICA	DU-DUCRAY	DIRECTO
394056.6	P0009034	ICTYANE LECHE	400 ML	16,15	23,50	21%		PIELES SECAS	DU-DUCRAY	DIRECTO
333765.6	P0009254	ICTYANE CREMA	200ML	19,04	27,90	21%		PIELES SECAS	DU-DUCRAY	DIRECTO
303859.1	P0009035	ICTYANE CR DE MANOS	50 ML	6,30	9,20	21%		PIELES SECAS	DU-DUCRAY	DIRECTO
324609.5	P0004123	ICTYANE STICK LABIAL	3 G	5,00	7,30	21%		PIELES SECAS	DU-DUCRAY	DIRECTO
217125.1	P0004124	ICTYANE BALSAMO LABIAL	15ML	7,00	10,20	21%		PIELES SECAS	DU-DUCRAY	DIRECTO
171541.8	P0011241	KERACNYL GEL LIMPIADOR	400ML	14,26	19,90	21%		ACNE	DU-DUCRAY	DIRECTO
321463.6	P0011240	KERACNYL GEL LIMPIADOR	200ML	11,97	16,90	21%		ACNE	DU-DUCRAY	DIRECTO
151062.4	P0011233	KERACNYL GLYCOLIC+	30 ML	12,91	18,90	21%		ACNE	DU-DUCRAY	DIRECTO
159416.7	P0011234	KERACNYL PP+	30ML	12,91	18,90	21%		ACNE	DU-DUCRAY	DIRECTO
204672.6	P0014743	KERACNYL 50+ FLUIDO	50ML	13,00	19,90	21%		ACNE	DU-DUCRAY	DIRECTO
171452.7	P0014905	KERACNYL REPAIR CREMA	50 ML	13,38	19,50	21%		ACNE	DU-DUCRAY	DIRECTO
171542.5	P0016108	KERACNYL REPAIR BALSAMO	15 ML	7,40	10,90	21%		ACNE	DU-DUCRAY	DIRECTO
194614.0	P0009571	KERACNYL MAT ANTIBRILLOS	30 ML	12,08	17,50	21%		ACNE	DU-DUCRAY	DIRECTO
346726.1	P0012209	KERACNYL STOP ESPINILLAS	10ML	11,45	16,90	21%		ACNE	DU-DUCRAY	DIRECTO
152478.2	P0014165	MELASCREEN CONCENTRADO ANTI-MANCHAS	30ML	27,63	40,20	21%		HIPERPIGMENTACIONES	DU-DUCRAY	DIRECTO
209058.3	P0014680	MELASCREEN SÉRUM ANTI-MANCHAS LUMINOSIDAD	40ML	31,05	45,20	21%		HIPERPIGMENTACIONES	DU-DUCRAY	DIRECTO
209057.6	P0014184	MELASCREEN CONTORNO DE OJOS	15ML	20,14	29,30	21%		HIPERPIGMENTACIONES	DU-DUCRAY	DIRECTO
154841.2	P0014173	MELASCREEN FLUIDO ANTI-MANCHAS PROTECTOR SPF 50+	50ML	16,15	23,50	21%		HIPERPIGMENTACIONES	DU-DUCRAY	DIRECTO
152166.8	P0013952	MELASCREEN CREMA ANTI-MANCHAS PROTECTOR SPF 50+	50ML	16,15	23,59	21%		HIPERPIGMENTACIONES	DU-DUCRAY	DIRECTO
177213.8	P0004279	MELASCREEN FOTOENVEJEC. CUIDADO GLOB. MANOS SPF50+	50 ML	13,85	20,15	21%		HIPERPIGMENTACIONES	DU-DUCRAY	DIRECTO
249250.9	P0004262	DIASEPTYL SOLUCION	125 ML	8,40	12,26	21%		SANEANTES	DU-DUCRAY	DIRECTO
158675.9	P0004263	DIASEPTYL SPRAY	125 ML	8,40	12,26	21%		SANEANTES	DU-DUCRAY	DIRECTO
185177.2	P0014676	HIDROSIS CONTROL CREMA	50 ML	9,10	13,29	21%		ANTITRANSPIRANTES	DU-DUCRAY	DIRECTO
187106.0	P0014672	HIDROSIS CONTROL ROLL ON	40 ML	8,40	12,26	21%		ANTITRANSPIRANTES	DU-DUCRAY	DIRECTO
171541.8	P0017568	KERACNYL GEL LIMPIADOR PROMO	400 ML	14,26	19,20	21%		ACNE	DU-DUCRAY	CAMPAÑA
179108.5	P0017051	KERACNYL SERUM REGULADOR ANTIIMPERFECCIONES	30 ML	17,80	25,90	21%	HEROE	ACNE	DU-DUCRAY	CAMPAÑA
223780.3	P0017938	KERACNYL SPRAY CORPORAL	150 ML	17,00	24,70	21%		ACNE	DU-DUCRAY	CAMPAÑA
159416.7	P0011234	KERACNYL PP+	30 ML	13,20	19,20	21%		ACNE	DU-DUCRAY	CAMPAÑA
204672.6	P0014743	KERACNYL FLUIDO SPF 50+	50 ML	13,95	20,30	21%		ACNE	DU-DUCRAY	CAMPAÑA
171452.7	P0014905	KERACNYL REPAIR CREMA	50 ML	13,50	19,65	21%		ACNE	DU-DUCRAY	CAMPAÑA
171542.5	P0017637	KERACNYL REPAIR BALSAMO LABIAL	15 ML	7,40	10,90	21%		ACNE	DU-DUCRAY	CAMPAÑA
223605.9	P0017387	EXOMEGA GEL LIMPIADOR FACIAL CALMANTE	200 ML	12,40	17,90	21%		EXOMEGA FACIAL	AD-A-DERMA	DIRECTO
222970.9	P0017385	EXOMEGA GEL-CREMA FACIAL CALMANTE	40 ML	17,60	25,50	21%	HÉROE	EXOMEGA FACIAL	AD-A-DERMA	DIRECTO
222969.3	P0017386	EXOMEGA BÁLSAMO PALPEBRAL CALMANTE	15 ML	14,70	21,30	21%		EXOMEGA FACIAL	AD-A-DERMA	DIRECTO
220460.7	P0017782	EXOMEGA ACEITE 1L PVP ESPECIAL	1000ML	15,60	19,90	21%	HÉROE	EXOMEGA HIGIENE	AD-A-DERMA	DIRECTO
220460.Q	P0018684	EXOMEGA DUO ACEITE 1L	1000ML + 1000ML	24,96	31,84	21%		EXOMEGA HIGIENE	AD-A-DERMA	DIRECTO
345553.4	P0015966	EXOMEGA CONTROL ACEITE LIMPIADOR	500ML	11,70	14,90	21%		EXOMEGA HIGIENE	AD-A-DERMA	DIRECTO
305722.6	P0016682	EXOMEGA CONTROL BAÑO NOCHE 200ML	200 ML	10,70	13,70	21%		EXOMEGA HIGIENE	AD-A-DERMA	DIRECTO
174835.5	P0013918	EXOMEGA CONTROL ACEITE LIMPIADOR ECO-RECAMBIO	500ML	10,90	13,90	21%		EXOMEGA HIGIENE	AD-A-DERMA	DIRECTO
311955.9	P0011697	EXOMEGA CONTROL GEL LIMPIADOR 2 EN 1	500ML	11,70	14,90	21%		EXOMEGA HIGIENE	AD-A-DERMA	DIRECTO
311955.R	P0017137	EXOMEGA DÚO GEL LIMPIADOR 2 EN 1	2 X 500 ML	11,70	14,90	21%		EXOMEGA HIGIENE	AD-A-DERMA	DIRECTO
164334.6	P0011633	EXOMEGA CONTROL GEL ESPUMOSO	500ML	11,70	14,90	21%		EXOMEGA HIGIENE	AD-A-DERMA	DIRECTO
170675.1	P0016272	EXOMEGA CREMA 400ML PR ESP MARCADO ESPECIAL	400 ML	18,20	23,20	21%	HÉROE	EXOMEGA CUIDADOS	AD-A-DERMA	DIRECTO
170675.T	P0017135	EXOMEGA DÚO CREMA	2 X 400ML	29,12	37,10	21%		EXOMEGA CUIDADOS	AD-A-DERMA	DIRECTO
348268.4	P0013373	EXOMEGA CONTROL CREMA EMOLIENTE	200 ML	12,60	18,40	21%		EXOMEGA CUIDADOS	AD-A-DERMA	DIRECTO
172873.9	P0013372	EXOMEGA CONTROL CREMA EMOLIENTE	50 ML	7,20	10,50	21%		EXOMEGA CUIDADOS	AD-A-DERMA	DIRECTO
202494.6	P0013370	EXOMEGA CONTROL BÁLSAMO EMOLIENTE	400 ML	18,20	23,20	21%		EXOMEGA CUIDADOS	AD-A-DERMA	DIRECTO
163780.2	P0013381	EXOMEGA CONTROL BÁLSAMO EMOLIENTE	200 ML	12,60	18,40	21%		EXOMEGA CUIDADOS	AD-A-DERMA	DIRECTO
198107.3	P0013374	EXOMEGA CONTROL SPRAY EMOLIENTE	200 ML	14,60	21,30	21%		EXOMEGA CUIDADOS	AD-A-DERMA	DIRECTO
198106.6	P0013375	EXOMEGA CONTROL SPRAY EMOLIENTE	50 ML	10,40	15,20	21%		EXOMEGA CUIDADOS	AD-A-DERMA	DIRECTO
392902.8	P0013368	EXOMEGA CONTROL LECHE EMOLIENTE	400 ML	18,20	23,20	21%		EXOMEGA CUIDADOS	AD-A-DERMA	DIRECTO
178177.2	P0013412	EXOMEGA CONTROL LECHE EMOLIENTE	200 ML	12,60	18,40	21%		EXOMEGA CUIDADOS	AD-A-DERMA	DIRECTO
217714.7	P0016836	EXOMEGA CONTROL CREMA NOCHE	400 ML	18,90	24,10	21%	HÉROE	EXOMEGA CUIDADOS	AD-A-DERMA	DIRECTO
215721.7	P0016683	EXOMEGA CTRL CREMA SPF 50+ 150ML AD	150 ML	16,50	21,10	21%		EXOMEGA CUIDADOS	AD-A-DERMA	DIRECTO
204791.4	P0013371	EXOMEGA ALLERGO BÁLSAMO EMOLIENTE	200 ML	15,70	22,90	21%		EXOMEGA CUIDADOS	AD-A-DERMA	DIRECTO
204790.7	P0013304	EXOMEGA ALLERGO BÁLSAMO EMOLIENTE	40 ML	10,21	14,90	21%		EXOMEGA CUIDADOS	AD-A-DERMA	DIRECTO
	P0017383	AD EXOMEGA FACIAL SERUM	30 ML	21,90	31,90	21%		EXOMEGA CUIDADOS	AD-A-DERMA	DIRECTO
	P0017385	AD EXOMEGA FACIAL GEL CREMA	40 ML	17,60	25,50	21%		EXOMEGA CUIDADOS	AD-A-DERMA	DIRECTO
	P0017386	AD EXOMEGA FACIAL PALPEBRAL	15 ML	14,70	21,30	21%		EXOMEGA CUIDADOS	AD-A-DERMA	DIRECTO
	P0017387	AD EXOMEGA ACEITE DESMAQUILLANTE	200 ML	12,40	17,90	21%		EXOMEGA CUIDADOS	AD-A-DERMA	DIRECTO
367615.1	P0016945	DERMOPAN PASTILLA	100G	7,30	10,60	21%		HIGIENE LOS INDISPENSABLES	AD-A-DERMA	DIRECTO
184093.6	P0016400	GEL DUCHA SOBREGRASO 500ML AD 24	500ML	12,20	17,90	21%		HIGIENE LOS INDISPENSABLES	AD-A-DERMA	DIRECTO
214408.8	P0016403	CREMA DE DUCHA HIDRATANTE 500ML AD	500ML	12,20	17,90	21%		HIGIENE LOS INDISPENSABLES	AD-A-DERMA	DIRECTO
195186.1	P0010151	STICK LABIAL	4G	5,90	8,60	21%		CUIDADOS LOS INDISPENSABLES	AD-A-DERMA	DIRECTO
348870.9	P0013937	CREMA DE MANOS Y UÑAS	50ML	7,60	10,90	21%		CUIDADOS LOS INDISPENSABLES	AD-A-DERMA	DIRECTO
165005.4	P0017634	DERMALIBOUR+ CICA CREMA REPARADORA PURIFICANTE	100ML	13,90	20,10	21%		DERMALIBOUR	AD-A-DERMA	DIRECTO
258863.9	P0017635	DERMALIBOUR+ CICA CREMA REPARADORA PURIFICANTE	50ML	8,90	12,90	21%		DERMALIBOUR	AD-A-DERMA	DIRECTO
195188.5	P0017636	DERMALIBOUR+ CICA CREMA REPARADORA PURIFICANTE	15ML	4,90	7,10	21%		DERMALIBOUR	AD-A-DERMA	DIRECTO
199816.3	P0011445	DERMALIBOUR+ CICA BÁLSAMO LABIAL REPARADOR	15ML	6,25	8,95	21%		DERMALIBOUR	AD-A-DERMA	DIRECTO
268243.6	P0015309	DERMALIBOUR+ BARRIER CREMA AISLANTE	100ML	13,80	20,00	21%		DERMALIBOUR	AD-A-DERMA	DIRECTO
170461.0	P0011768	DERMALIBOUR+ CICA GEL ESPUMOSO PURIFICANTE	200ML	12,80	18,60	21%		DERMALIBOUR	AD-A-DERMA	DIRECTO
181057.1	P0006770	CYTELIUM SPRAY SECANTE CALMANTE	100ML	10,50	15,30	21%		CYTELIUM	AD-A-DERMA	DIRECTO
324611.8	P0016946	AD EPITHELIALE AH ULTRA CR 100ML	100ML	16,00	23,40	21%		EPITHELIALE	AD-A-DERMA	DIRECTO
347898.4	P0016951	AD EPITHELIALE AH ULTRA CR 40ML	40ML	12,30	17,90	21%		EPITHELIALE	AD-A-DERMA	DIRECTO
199421.9	P0016944	AD EPITHELIALE AH ULTRA 50+ CR 40ML	40ML	13,00	18,90	21%		EPITHELIALE	AD-A-DERMA	DIRECTO
213170.5	P0017380	EPITHELIALE AH ULTRA BALS 50G	50G	12,30	17,90	21%		EPITHELIALE	AD-A-DERMA	DIRECTO
187614.0	P0011748	EPITHELIALE AH MASSAGE GEL-ACEITE DE MASAJE ANTI-MARCAS	40ML	13,30	19,40	21%		EPITHELIALE	AD-A-DERMA	DIRECTO
347898.P	P0018187	AD EXPOSITOR EPITHELIALE UR CREMA + CREMA SPF50+	3X40ML + 3X40ML	75,90		21%		EPITHELIALE	AD-A-DERMA	DIRECTO
210748.9	P0017755	CUTALGAN ROLL ON POCKET 10ML	10ML	7,00	8,90	21%		CUTALGAN	AD-A-DERMA	DIRECTO
191357.9	P0008751	CUTALGAN SPRAY REFRESCANTE ULTRACALMANTE	100ML	10,40	15,20	21%		CUTALGAN	AD-A-DERMA	DIRECTO
177285.5	P0013308	ADERMA PROTECT AC FLUIDO SOLAR FACIAL MATIFICANTE SPF50+	40ML	16,40	20,90	21%		ADERMA PROTECT	AD-A-DERMA	DIRECTO
177283.1	P0003146	ADERMA PROTECT CREMA SOLAR SPF50+	40ML	16,40	20,90	21%		ADERMA PROTECT	AD-A-DERMA	DIRECTO
189015.3	P0007509	ADERMA PROTECT CREMA SOLAR FACIAL SIN PERFUME SPF50+	40ML	16,40	20,90	21%		ADERMA PROTECT	AD-A-DERMA	DIRECTO
177284.8	P0008100	ADERMA PROTECT FLUIDO SOLAR INVISIBLE SPF50+	40ML	16,40	20,90	21%		ADERMA PROTECT	AD-A-DERMA	DIRECTO
177314.2	P0017762	ADERMA PROTECT SPRAY SOLAR SPF50+	200ML	20,80	26,50	21%		ADERMA PROTECT	AD-A-DERMA	DIRECTO
177315.9	P0016834	ADERMA PROTECT SPRAY SOLAR INFANTIL SPF50+ 2025	200ML	20,80	26,50	21%		ADERMA PROTECT	AD-A-DERMA	DIRECTO
185477.3	P0004924	ADERMA PROTECT LECHE SOLAR SPF50+	250ML	22,90	28,90	21%		ADERMA PROTECT	AD-A-DERMA	DIRECTO
185478.0	P0004925	ADERMA PROTECT LECHE SOLAR INFANTIL SPF50+	250ML	22,90	28,90	21%		ADERMA PROTECT	AD-A-DERMA	DIRECTO
194499.3	P0009754	ADERMA PROTECT X-TREM STICK SOLAR INVISIBLE SPF50+	8G	12,60	15,90	21%		ADERMA PROTECT	AD-A-DERMA	DIRECTO
177317.3	P0003150	ADERMA PROTECT AH LECHE REPARADORA PARA DESPUES DEL SOL	250ML	16,70	21,30	21%		ADERMA PROTECT	AD-A-DERMA	DIRECTO
209762.9	P0013915	BIOLOGY HYALU SERUM 3 EN 1	30ML	21,90	31,90	21%		BIOLOGY	AD-A-DERMA	DIRECTO
202988.0	P0012398	BIOLOGY AR. CUIDADO DERMATOLÓGICO ANTIROJECES	40ML	17,40	25,30	21%		BIOLOGY	AD-A-DERMA	DIRECTO
202167.9	P0012102	BIOLOGY CREMA HIDRATANTE DERMATOLÓGICA LIGERA	40ML	16,20	23,50	21%		BIOLOGY	AD-A-DERMA	DIRECTO
202166.2	P0012111	BIOLOGY CREMA HIDRATANTE DERMATOLÓGICA RICA	40ML	16,20	23,50	21%		BIOLOGY	AD-A-DERMA	DIRECTO
208142.0	P0013919	BIOLOGY ESPUMA LIMPIADORA DERMATOLÓGICA HIDRAPROTECTORA	150ML	11,90	17,40	21%		BIOLOGY	AD-A-DERMA	DIRECTO
202989.7	P0012405	BIOLOGY AGUA MICELAR DERMATOLÓGICA	400ML	10,50	15,20	21%		BIOLOGY	AD-A-DERMA	DIRECTO
202386.4	P0012113	BIOLOGY LECHE DESMAQUILLANTE DERMATOLÓGICA	400ML	13,30	19,40	21%		BIOLOGY	AD-A-DERMA	DIRECTO
181532.3	P0014611	BIOLOGY AC GLOBAL CUIDADO MATIFICANTE ANTI- IMPERFECCIONES	40ML	15,10	21,90	21%		BIOLOGY AC	AD-A-DERMA	DIRECTO
184988.5	P0014613	BIOLOGY AC PERFECT FLUIDO AINTI-IMPERFECCIONES ANTI- MARCAS	40ML	16,80	24,30	21%		BIOLOGY AC	AD-A-DERMA	DIRECTO
181531.6	P0014610	BIOLOGY AC HYDRA CREMA COMPENSADORA ULTRA CALMANTE	40ML	14,75	21,50	21%		BIOLOGY AC	AD-A-DERMA	DIRECTO
181530.9	P0014607	BIOLOGY AC AGUA MICELAR LIMPIADORA PURIFICANTE	400ML	12,00	17,50	21%		BIOLOGY AC	AD-A-DERMA	DIRECTO
181527.9	P0014609	BIOLOGY AC GEL ESPUMOSO LIMPIADOR PURIFICANTE	400ML	13,80	20,00	21%		BIOLOGY AC	AD-A-DERMA	DIRECTO
352829.0	P0016201	DEXERYL CREMA EMOLIENTE	250 G	6,90	10,05	21%		EMO-EMOLLIENT	DEXERYL	DIRECTO
159078.7	P0015687	DEXERYL CREMA EMOLIENTE	500 G	11,20	16,30	21%	HÉROE	EMO-EMOLLIENT	DEXERYL	DIRECTO
352829.P	P0017082	KIT DEXERYL CR 250G PRECIO ESPECIAL	250 G	5,04	6,95	21%		EMO-EMOLLIENT	DEXERYL	DIRECTO
159078.P	P0016615	KIT DUO DEXERYL CREMA	2 X 500 G	16,80	24,40	21%		EMO-EMOLLIENT	DEXERYL	DIRECTO
353350.8	P0015686	DEXERYL CREMA EMOLIENTE	50 G	3,11	4,55	21%		EMO-EMOLLIENT	DEXERYL	DIRECTO
215369.1	P0016609	DEXERYL LOCIÓN NUTRITIVA	500 ML	10,94	15,90	21%	HÉROE	EMO-EMOLLIENT	DEXERYL	DIRECTO
215369.1	P0017989	DEXERYL LOCIÓN NUTRITIVA	500 ML	10,94	15,90	21%	HÉROE	EMO-EMOLLIENT	DEXERYL	DIRECTO
182387.8	P0015685	DEXERYL SHOWER	200 ML	6,49	9,45	21%		EMO-EMOLLIENT	DEXERYL	DIRECTO
182388.5	P0015680	DEXERYL SHOWER	500 ML	9,14	13,30	21%		EMO-EMOLLIENT	DEXERYL	DIRECTO
207588.7	P0015691	DEXERYL ACEITE LIMPIADOR	200 ML	6,77	9,85	21%		EMO-EMOLLIENT	DEXERYL	DIRECTO
207590.0	P0015692	DEXERYL ACEITE LIMPIADOR	500 ML	10,97	15,95	21%		EMO-EMOLLIENT	DEXERYL	DIRECTO
219068.9	P0017378	DEXERYL ACEITE LIMPIADOR	1000 ML	13,73	19,95	21%		EMO-EMOLLIENT	DEXERYL	DIRECTO
223976.0	P0017990	DEXERYL GEL DUCHA HIDRATANTE	500 ML	8,87	12,90	21%		EMO-EMOLLIENT	DEXERYL	CAMPAÑA
224518.1	P0018408	DEXERYL GEL DUCHA HIDRATANTE	1000 ML	11,65	16,95	21%		EMO-EMOLLIENT	DEXERYL	CAMPAÑA
220227.6	P0017446	DEXECLEAR GEL ANTI-IMPERFECCIONES	400 ML	10,74	15,60	21%	HÉROE	ACNE	DEXERYL	DIRECTO
220227.P	P0018111	KIT DUO DEXECLEAR GEL ANTI-IMPERFECCIONES	2 X 400 ML	16,11	23,40	21%		ACNE	DEXERYL	DIRECTO
220597.0	P0017443	DEXECLEAR LIMPIADOR CALMANTE	400 ML	10,13	14,70	21%		ACNE	DEXERYL	DIRECTO
220229.0	P0017382	DEXECLEAR AQUAFLUIDO MATIFICANTE SPF50+	40 ML	9,54	13,85	21%		ACNE	DEXERYL	DIRECTO
222435.3	P0017855	DEXECLEAR CREMA HIDRATANTE REPARADORA	40 ML	8,65	12,60	21%		ACNE	DEXERYL	CAMPAÑA
